Date,Open,High,Low,Close,Volume
2018-07-13,3677.721516927083,3723.0745849609375,3657.106486002604,3710.70556640625,603800
2018-07-16,3710.70556640625,3710.70556640625,3710.70556640625,3710.70556640625,0
2018-07-17,3731.3201221753193,3842.6412749915994,3727.197116515457,3834.395263671875,921000
2018-07-18,3871.502193340534,3900.3632320555334,3846.76416015625,3846.76416015625,1470600
2018-07-19,3813.780180367317,3817.903185967714,3731.320068359375,3731.320068359375,963400
2018-07-20,3714.827476391629,3743.688511169366,3681.843436645643,3723.073486328125,932000
2018-07-23,3723.073772059078,3756.057814336456,3714.827761489733,3727.19677734375,723800
2018-07-24,3648.8599870011617,3694.2130489864862,3648.8599870011617,3661.22900390625,898800
2018-07-25,3661.22900390625,3669.475015176309,3652.982992636191,3661.22900390625,769600
2018-07-26,3685.967244147186,3702.459267610932,3669.475220683441,3681.84423828125,795200
2018-07-27,3694.212890625,3702.4589015415736,3685.9668797084264,3694.212890625,617200
2018-07-30,3669.475136277366,3673.598142048464,3648.860107421875,3648.860107421875,496000
2018-07-31,3619.99951171875,3624.122517996334,3582.892455220494,3619.99951171875,996800
2018-08-01,3619.9988206813496,3636.4908426434513,3611.7528097002983,3624.121826171875,564800
2018-08-02,3615.876179734322,3661.229244702483,3599.3841561095355,3611.753173828125,539000
2018-08-03,3615.876178048671,3619.9991839529457,3578.7691249102013,3587.01513671875,742800
2018-08-06,3587.0147683958694,3603.5067903195286,3566.3997409912954,3574.645751953125,560600
2018-08-07,3582.892211350227,3595.2612293410793,3545.78515737767,3570.523193359375,846200
2018-08-08,3215.9439244221167,3273.6659948604624,3191.205894234254,3199.451904296875,3068400
2018-08-09,3203.5754780349334,3224.1905068511173,3178.8374434555135,3182.96044921875,1300800
2018-08-10,3187.083410883885,3195.3294222962622,3154.099365234375,3154.099365234375,1169800
2018-08-13,3137.6067658881684,3158.221790631192,3121.11474609375,3121.11474609375,842600
2018-08-14,3129.3609590076267,3141.729974655878,3104.6229277111233,3116.991943359375,1018800
2018-08-15,3149.9763566370225,3154.099362339427,3116.9923110177865,3129.361328125,579400
2018-08-16,3133.483760939564,3149.9757807339824,3104.622726299331,3121.11474609375,882000
2018-08-17,3137.607339529809,3149.9763566370225,3121.115316720191,3129.361328125,710000
2018-08-20,3125.2383609033072,3129.361366656478,3104.6233321374543,3108.746337890625,628200
2018-08-21,3100.4998328877004,3112.8688481784757,3084.0078125,3084.0078125,806800
2018-08-22,3084.007895833334,3100.499916666666,3071.6388802083334,3092.25390625,535600
2018-08-23,3092.25382269385,3092.25382269385,3075.7618023061495,3084.0078125,601200
2018-08-24,3100.5008536837745,3129.3618988643416,3088.1318343206744,3112.869873046875,930000
2018-08-27,3116.99210911801,3158.222163471423,3116.99210911801,3133.484130859375,924200
2018-08-28,3149.9758940508023,3154.098899147727,3084.0078125,3084.0078125,884600
2018-08-29,3075.7620870796477,3108.7461309089203,3075.7620870796477,3088.131103515625,654400
2018-08-30,3079.88504661704,3092.254062868514,3059.27001953125,3059.27001953125,1306400
2018-08-31,3046.901570638021,3055.1475830078125,3026.2865397135415,3042.778564453125,1286000
2018-09-03,3051.024008696934,3079.88504661704,3051.024008696934,3059.27001953125,639200
2018-09-04,3042.778034764035,3046.901040231195,3030.4090183625553,3038.655029296875,720000
2018-09-05,3030.4092181480096,3034.5322238869862,3009.794189453125,3009.794189453125,952600
2018-09-06,3001.547893089849,3026.2859251757545,2997.4248877421983,3005.6708984375,713000
2018-09-07,3009.7943106838893,3038.655352019214,2968.564251633425,2997.42529296875,823400
2018-09-10,2993.302408629359,3005.6714268468363,2980.933390411883,2985.056396484375,601800
2018-09-11,2976.81006194733,3009.7941069550566,2976.81006194733,3001.548095703125,559200
2018-09-12,2997.424970342425,3013.9169921875,2985.0559539586184,3013.9169921875,450400
2018-09-13,3026.286215077276,3075.762283988621,3022.163209334664,3034.5322265625,675000
2018-09-14,3034.5324267782426,3034.5324267782426,2956.1953125,2956.1953125,1669600
2018-09-17,2956.1953125,2956.1953125,2956.1953125,2956.1953125,0
2018-09-18,2972.6867898621017,3079.884926528419,2972.6867898621017,3071.638916015625,913200
2018-09-19,3096.376947554006,3116.99197383599,3071.638916015625,3071.638916015625,934800
2018-09-20,3075.7617536743,3084.00776373777,3046.900718452155,3055.146728515625,993600
2018-09-21,3084.00822476913,3133.4842925461744,3067.516202176781,3125.23828125,1475000
2018-09-24,3125.23828125,3125.23828125,3125.23828125,3125.23828125,0
2018-09-25,3121.115681966146,3170.591756184896,3084.0086263020835,3166.46875,1467400
2018-09-26,3172.7055842313803,3197.654776243685,3135.281796212924,3189.33837890625,953000
2018-09-27,3181.021931966146,3185.1801305700233,3139.4399459273727,3143.59814453125,833400
2018-09-28,3176.8644984334046,3201.8136960650804,3151.9153008017283,3172.706298828125,839200
2018-10-01,3201.8132241566977,3214.2878211339316,3181.022229194641,3193.496826171875,592000
2018-10-02,3226.761967603765,3239.2365628393463,3210.1291739563226,3230.920166015625,1078400
2018-10-03,3239.237044165827,3251.7116412550404,3201.8132528981855,3222.604248046875,716800
2018-10-04,3218.445769587272,3226.762166924707,3168.547385562663,3189.33837890625,1095800
2018-10-05,3201.8132488240876,3230.9206419952156,3193.4968507751937,3218.446044921875,768800
2018-10-08,3218.446044921875,3218.446044921875,3218.446044921875,3218.446044921875,0
2018-10-09,3197.6552465243603,3197.6552465243603,3147.756855161171,3168.5478515625,943800
2018-10-10,3176.8645228794644,3222.604718889509,3172.706323242188,3201.813720703125,648800
2018-10-11,3131.123787704367,3156.072981231892,3122.8073898618586,3139.440185546875,872200
2018-10-12,3118.6491825666085,3139.4401771170524,3102.0163869262533,3131.123779296875,957400
2018-10-15,3131.123723540435,3131.123723540435,3077.067138671875,3077.067138671875,646200
2018-10-16,3068.750766457565,3102.016357421875,3056.276169845949,3102.016357421875,676800
2018-10-17,3118.648975186843,3172.705557423415,3118.648975186843,3164.38916015625,552000
2018-10-18,3156.072981231892,3156.072981231892,3131.123787704367,3139.440185546875,607400
2018-10-19,3126.9655719457387,3131.123770844603,3089.5417818559627,3122.807373046875,501400
2018-10-22,3139.4404566006397,3181.0224494032973,3122.8076594795766,3168.5478515625,522800
2018-10-23,3114.490662284519,3114.490662284519,3056.275883550229,3060.43408203125,842400
2018-10-24,3093.699980754827,3139.440168642331,3072.908986260507,3122.807373046875,731600
2018-10-25,3081.2250837620677,3102.016076230098,3056.275892800432,3068.75048828125,861600
2018-10-26,3077.0668759553328,3097.8578683604364,3047.9594865881877,3060.43408203125,890600
2018-10-29,3068.7505021191805,3118.64888426746,3064.592303606824,3081.22509765625,562800
2018-10-30,3081.225111438382,3126.965295278898,3072.90871437647,3093.69970703125,2337400
2018-10-31,3093.6999765625,3131.1237666015627,3081.225379882813,3118.649169921875,1018600
2018-11-01,3126.9658203125,3168.5478126038897,3118.649421854222,3126.9658203125,632400
2018-11-02,3126.9655887831127,3143.598384468129,3072.909002806809,3139.440185546875,1046000
2018-11-05,3126.9655677083333,3131.1237666015627,3093.6999765625,3118.649169921875,565400
2018-11-06,3126.9654075910275,3201.8129838365576,3118.649010230413,3197.65478515625,628000
2018-11-07,3210.129390098087,3226.7621848654344,3172.705601871555,3205.97119140625,1246600
2018-11-08,3372.2991817784655,3559.4181252803533,3372.2991817784655,3476.254150390625,3674600
2018-11-09,3505.3611707521236,3646.739913107488,3497.0447741429844,3580.208740234375,2513400
2018-11-12,3571.89311349652,3625.949703107061,3521.9947230867897,3621.79150390625,851800
2018-11-13,3563.5766481493342,3563.5766481493342,3505.361860431609,3551.10205078125,931000
2018-11-14,3567.735111116669,3592.6843076979044,3551.102313395845,3571.893310546875,719800
2018-11-15,3576.0510465588873,3596.842041015625,3538.627256536759,3596.842041015625,789200
2018-11-16,3605.1587071030062,3630.107902307872,3580.2095118981415,3621.79150390625,877000
2018-11-19,3617.633048202585,3617.633048202585,3571.892860236805,3609.316650390625,501600
2018-11-20,3613.4751249687856,3655.0571172008777,3601.0005272991584,3642.58251953125,1001600
2018-11-21,3671.689514092112,3729.904296875,3650.8985202410818,3729.904296875,1333000
2018-11-22,3734.06179836577,3759.010986328125,3729.903600372045,3759.010986328125,908000
2018-11-23,3759.010986328125,3759.010986328125,3759.010986328125,3759.010986328125,0
2018-11-26,3771.4863194924033,3779.8027171098065,3734.062530214088,3763.169921875,872000
2018-11-27,3779.8025174500513,3813.068106162483,3771.486120271943,3804.751708984375,840800
2018-11-28,3825.5421801945818,3842.1749722823847,3775.6438039311743,3779.802001953125,929800
2018-11-29,3788.1192771782303,3788.1192771782303,3675.8479045286017,3680.006103515625,1135000
2018-11-30,3696.6394185133504,3742.379613793043,3667.5320215171823,3713.272216796875,1491000
2018-12-03,3717.429952008308,3763.1701415744055,3709.1135539053807,3738.220947265625,623800
2018-12-04,3750.69526870796,3767.328063691144,3704.955082504204,3709.11328125,642000
2018-12-05,3680.0054153339975,3729.903793847001,3642.581631449245,3717.42919921875,708600
2018-12-06,3704.9555197445607,3721.588316690664,3638.4243319601464,3655.05712890625,689600
2018-12-07,3638.4241700305024,3742.379146317088,3625.949572876112,3738.220947265625,775800
2018-12-10,3675.847849994625,3684.1642478452914,3605.158468263958,3625.949462890625,646400
2018-12-11,3650.8989179776686,3671.6899140937144,3617.633324191995,3642.58251953125,739200
2018-12-12,3671.689492537836,3717.429678741592,3659.214896300448,3709.11328125,791600
2018-12-13,3721.586914062499,3725.7451117318433,3675.84673969972,3721.5869140625,736600
2018-12-14,3704.954796381742,3742.37858220378,3671.689208984375,3671.689208984375,1268200
2018-12-17,3692.480757699527,3742.379146317088,3692.480757699527,3738.220947265625,898600
2018-12-18,3738.2213816923254,3759.012379365809,3655.0573909983914,3675.848388671875,1268200
2018-12-19,3713.271254130772,3742.378643580845,3684.163864680698,3725.745849609375,1089800
2018-12-20,3742.3790883209745,3759.011884269068,3646.7405116194386,3680.006103515625,1233600
2018-12-21,3700.7973007097394,3704.95549992402,3601.000519567005,3634.26611328125,1181800
2018-12-24,3634.26611328125,3634.26611328125,3634.26611328125,3634.26611328125,0
2018-12-25,3580.2093996747108,3588.5257978156505,3459.6216266310794,3505.36181640625,1115200
2018-12-26,3530.3108209627812,3605.158400205808,3501.2034290349375,3559.418212890625,1149800
2018-12-27,3621.7911288496375,3742.3788931856184,3613.474731309225,3729.904296875,1370600
2018-12-28,3734.06224659511,3738.2204450879776,3675.847467694963,3725.745849609375,895400
2018-12-31,3725.745849609375,3725.745849609375,3725.745849609375,3725.745849609375,0
2019-01-04,3663.372840083222,3713.271221559952,3638.4236493448575,3696.638427734375,1170800
2019-01-07,3759.011375902463,3759.011375902463,3655.0564152856914,3671.689208984375,1292800
2019-01-08,3704.95549992402,3717.430097566862,3630.1079140669694,3634.26611328125,1111400
2019-01-09,3696.638960774739,3750.695548502604,3684.1643636067706,3742.379150390625,1150000
2019-01-10,3729.904266151685,3750.6952598314606,3671.6894838483145,3700.796875,773600
2019-01-11,3734.062660721277,3734.062660721277,3646.740482686592,3650.898681640625,914000
2019-01-15,3617.6331023650328,3667.531489983861,3588.525709587383,3663.373291015625,726200
2019-01-16,3580.209194169933,3584.3673930017217,3451.3050303844884,3546.943603515625,1832600
2019-01-17,3526.1528117586,3538.62740897001,3488.7290201243695,3505.36181640625,813200
2019-01-18,3521.9939639704016,3609.316128366362,3521.9939639704016,3580.208740234375,641200
2019-01-21,3563.576911686463,3571.8933105468745,3534.4695156750217,3571.893310546875,513800
2019-01-22,3584.367912540879,3613.4753085823945,3571.8933142373726,3576.051513671875,473800
2019-01-23,3588.5258347775457,3588.5258347775457,3534.469246304651,3542.78564453125,467200
2019-01-24,3559.418182696555,3559.418182696555,3517.836194580941,3530.310791015625,496000
2019-01-25,3501.2038686899036,3546.944061748798,3497.0456693209135,3513.678466796875,600800
2019-01-28,3492.8869453685707,3509.5197403465163,3467.9377529016524,3476.254150390625,496600
2019-01-29,3455.463679320423,3521.994869295305,3451.305479946993,3517.836669921875,585600
2019-01-30,3497.045144113057,3521.9943365799754,3467.9377529016524,3476.254150390625,781000
2019-01-31,3534.4687081970865,3538.6269066773184,3480.4121279540723,3497.044921875,665200
2019-02-01,3497.044921875,3530.310509716855,3484.570326434304,3497.044921875,498000
2019-02-04,3505.3618365593675,3551.102026597509,3501.203637464991,3526.15283203125,500800
2019-02-05,3551.1020507812505,3567.734847272029,3521.9946569223875,3551.10205078125,947200
2019-02-06,3546.9436163501205,3576.0510082779647,3538.627218656451,3559.418212890625,643800
2019-02-07,3513.677898808287,3521.994296201916,3418.0393287815523,3438.830322265625,944000
2019-02-08,3617.6332889543687,3655.057081598725,3580.209496310013,3605.15869140625,1652600
2019-02-12,3638.424059666625,3655.056855367958,3613.4748661146255,3625.949462890625,1569200
2019-02-13,3617.633304705439,3625.949703107061,3601.0005079021957,3621.79150390625,1221200
2019-02-14,3617.6332968480297,3634.266093615147,3609.316898464471,3613.47509765625,876200
2019-02-15,3588.525874941089,3605.158671580445,3555.2602816623767,3584.36767578125,715000
2019-02-18,3634.266121084832,3650.8989179776686,3609.316925745577,3642.58251953125,737600
2019-02-19,3634.2656205254866,3642.58201782646,3605.158229972079,3630.107421875,1107400
2019-02-20,3625.949223224513,3638.423819175973,3609.3164286225656,3630.107421875,832000
2019-02-21,3609.316667189292,3642.582258591958,3584.3674736372923,3625.949462890625,622800
2019-02-22,3634.26611328125,3667.531706995495,3625.949714852688,3634.26611328125,593400
2019-02-25,3634.266101508683,3642.582499910304,3617.633304705439,3621.79150390625,446800
2019-02-26,3613.4746272730526,3638.423819175973,3613.4746272730526,3630.107421875,509200
2019-02-27,3646.74072265625,3663.373519566883,3638.424324200934,3646.74072265625,775400
2019-02-28,3655.056653911565,3680.005846088435,3650.8984552154193,3667.53125,1011400
2019-03-01,3655.0566450639208,3671.6894398082386,3642.5820490056817,3659.21484375,570200
2019-03-04,3671.689906209775,3671.689906209775,3634.26611328125,3634.26611328125,496000
2019-03-05,3655.0571172008777,3663.373515647296,3634.266121084832,3642.58251953125,592600
2019-03-06,3650.898921883908,3659.215320339225,3638.424324200934,3646.74072265625,593400
2019-03-07,3655.056909593485,3684.164302502648,3646.7405116194386,3680.006103515625,969800
2019-03-08,3659.214821428571,3663.3730200892855,3621.791033482142,3638.423828125,1223000
2019-03-11,3675.8476384943183,3692.4804332386366,3650.898446377841,3659.21484375,453400
2019-03-12,3667.531285112359,3704.955073735955,3659.2148876404494,3700.796875,379000
2019-03-13,3717.4296743476434,3734.062469311168,3684.164084420595,3704.955078125,422600
2019-03-14,3742.378897550111,3750.695295100222,3729.904301224944,3734.0625,530400
2019-03-15,3746.537353515625,3750.6955525761305,3729.904557273602,3746.537353515625,1131800
2019-03-18,3763.1701497576473,3767.3283488181537,3734.062756334108,3746.537353515625,383200
2019-03-19,3734.062469311168,3738.220668052049,3688.322283161476,3704.955078125,358800
2019-03-20,3750.695068359375,3759.011465406735,3717.429480169935,3750.695068359375,782200
2019-03-22,3763.168890755935,3767.3270884252793,3713.270518723813,3721.5869140625,701200
2019-03-25,3713.2719063258064,3717.430105549015,3638.424320308041,3642.58251953125,372400
2019-03-26,3704.95510857461,3734.0625,3684.164114699332,3734.0625,756000
2019-03-27,3710.9995466746223,3736.1588656351287,3706.806326847872,3719.385986328125,419000
2019-03-28,3723.579276106476,3731.9657159175263,3690.0335168622737,3706.806396484375,711000
2019-03-29,3727.772874808816,3790.6711797830926,3727.772874808816,3769.705078125,1073000
2019-04-01,3815.829833984375,3857.762029962225,3811.63661438659,3815.829833984375,1021400
2019-04-02,3849.37633732387,3849.37633732387,3757.12548828125,3757.12548828125,587200
2019-04-03,3752.9319204266153,3757.1251404494383,3698.420060129916,3731.9658203125,499200
2019-04-04,3748.738525115382,3748.738525115382,3690.033447540868,3719.385986328125,336000
2019-04-05,3727.772425703569,3736.1588653564454,3690.033447265625,3690.033447265625,421600
2019-04-08,3681.647285444126,3715.1930465871246,3660.6811847297513,3698.420166015625,240000
2019-04-09,3681.6474609375,3685.8406812802536,3660.681359223733,3681.6474609375,243400
2019-04-10,3673.261125240522,3698.4204480161416,3664.874684315315,3677.454345703125,190200
2019-04-11,3664.8745795664863,3690.033901623007,3660.681359223733,3681.6474609375,388600
2019-04-12,3698.4204480161416,3698.4204480161416,3656.488243390109,3677.454345703125,671200
2019-04-15,3715.1927662242542,3719.3859860506927,3673.260567959872,3690.033447265625,594600
2019-04-16,3677.454209726068,3690.033870648734,3635.5220066505144,3643.908447265625,741200
2019-04-17,3660.681223060345,3660.681223060345,3631.3286817528738,3648.1015625,645800
2019-04-18,3643.908447265625,3652.294887880736,3627.1355660354034,3643.908447265625,435800
2019-04-19,3643.908556434197,3656.48821773374,3601.9763521023883,3610.36279296875,321800
2019-04-22,3610.36275185916,3660.681396484375,3610.36275185916,3660.681396484375,473000
2019-04-23,3652.2947826867817,3681.647323994253,3639.715122126437,3648.1015625,574000
2019-04-24,3660.681223060345,3664.8744432471262,3631.3286817528738,3648.1015625,560400
2019-04-25,3652.2947826867817,3673.2608836206896,3639.715122126437,3648.1015625,626200
2019-04-26,3652.295475446429,3685.841243303571,3643.909033482143,3669.068359375,801000
2019-05-07,3669.067663433909,3673.2608836206896,3635.521901939655,3648.1015625,1654400
2019-05-08,3648.102170709978,3652.295391595852,3581.0106365360016,3585.203857421875,1064200
2019-05-09,3539.0776378953315,3543.2708578454444,3476.179338643637,3480.37255859375,1246600
2019-05-10,3459.406074468237,3463.599293952441,3417.4738796261977,3446.826416015625,1580400
2019-05-13,3467.793212890625,3488.7593145405076,3442.6338909107653,3467.793212890625,1070200
2019-05-14,3467.793233417098,3471.9864537718945,3274.9050970964367,3291.677978515625,1693800
2019-05-15,3304.257529296875,3354.576171875,3287.4846484375,3354.576171875,1112400
2019-05-16,3379.735386008083,3404.8947064994586,3350.382845434812,3388.121826171875,803600
2019-05-17,3413.281145154333,3446.8269057946704,3392.315044754122,3417.474365234375,738800
2019-05-20,3400.701416015625,3421.667515991061,3396.508196020538,3400.701416015625,455000
2019-05-21,3379.735386008083,3404.8947064994586,3371.3489458442914,3388.121826171875,701400
2019-05-22,3388.122112024969,3396.5085528963177,3333.610246361201,3337.803466796875,669000
2019-05-23,3358.7693535565154,3413.281215724099,3358.7693535565154,3404.894775390625,837000
2019-05-24,3396.5081619681264,3396.5081619681264,3358.769182390703,3362.96240234375,708400
2019-05-27,3354.5760337752527,3354.5760337752527,3308.450613310843,3321.0302734375,505800
2019-05-28,3300.0643820460837,3337.803364814082,3283.2915008158625,3312.64404296875,1480200
2019-05-29,3270.712019365774,3295.8713425916644,3249.7459166775316,3266.518798828125,686800
2019-05-30,3249.7456788705067,3258.132119332108,3195.233815870098,3207.8134765625,754000
2019-05-31,3195.233258561925,3224.585795057901,3182.65360006365,3191.0400390625,780800
2019-06-03,3144.9151417565727,3170.074462890625,3136.528701378555,3170.074462890625,619800
2019-06-04,3161.688027106848,3165.8812473019498,3086.2100635950133,3111.369384765625,935600
2019-06-05,3153.301408947543,3170.0742887823703,3132.335309154009,3157.49462890625,732200
2019-06-06,3144.915071871912,3191.0404929260335,3115.5625312011075,3182.654052734375,882800
2019-06-07,3170.0748124482616,3182.6544744024213,3149.1087091913287,3165.881591796875,425800
2019-06-10,3191.0404225747416,3216.1997425950417,3186.847202571358,3195.233642578125,635000
2019-06-11,3186.84716796875,3195.2336078844573,3170.0742881373353,3186.84716796875,462600
2019-06-12,3212.0071460278,3237.1664709314123,3203.6207043932627,3228.780029296875,928800
2019-06-13,3228.779717587304,3232.9729379997552,3186.847513462794,3212.0068359375,768400
2019-06-14,3245.5525954075033,3249.7458158150066,3207.813611739974,3241.359375,1245000
2019-06-17,3241.359167098999,3245.552387237549,3220.39306640625,3220.39306640625,609600
2019-06-18,3199.427274871984,3249.745921396838,3178.461172153295,3237.166259765625,783600
2019-06-19,3237.165945060484,3262.325265877016,3216.1998443800403,3249.74560546875,1099400
2019-06-20,3270.7118492969767,3270.7118492969767,3224.58642578125,3224.58642578125,722400
2019-06-21,3161.688087592691,3220.393171447197,3149.108426766725,3216.199951171875,1221000
2019-06-24,3216.199532234232,3220.3927519633507,3174.2673349430424,3203.619873046875,474800
2019-06-25,3212.006312505113,3249.745290067184,3199.426653317756,3203.619873046875,713400
2019-06-26,3195.233745574951,3228.7795066833496,3170.0744247436523,3220.39306640625,621800
2019-06-27,3207.813510621231,3220.393171447197,3186.847409244622,3216.199951171875,718000
2019-06-28,3224.586808479606,3241.3596917486807,3216.200366845069,3228.780029296875,680800
2019-07-01,3262.3254429363246,3262.3254429363246,3220.3932392996107,3232.972900390625,629600
2019-07-02,3241.3596917486807,3258.1325750177557,3228.780029296875,3228.780029296875,463800
2019-07-03,3241.359026137556,3249.7454660499434,3216.1997064003954,3245.55224609375,607400
2019-07-04,3253.9391419405765,3274.9052446592655,3228.7798186781492,3237.166259765625,402000
2019-07-05,3228.7795066833496,3232.9727268218994,3199.426965713501,3220.39306640625,550400
2019-07-08,3212.006311535048,3212.006311535048,3170.0741142565225,3174.267333984375,597000
2019-07-09,3203.620082584892,3245.5522826187253,3195.233642578125,3195.233642578125,630600
2019-07-10,3199.427103863581,3237.1660867400847,3186.8474429047465,3224.58642578125,767200
2019-07-11,3228.7795777165034,3241.3592384089056,3207.8134765625,3207.8134765625,498800
2019-07-12,3203.6204665997707,3207.8136871057914,3182.6543640696677,3199.42724609375,581600
2019-07-16,3203.6202244026954,3203.6202244026954,3157.494802323599,3170.074462890625,445000
2019-07-17,3153.301235345112,3182.65377344008,3140.721576161555,3174.267333984375,520000
2019-07-18,3182.654197713325,3195.233858573852,3119.7558934106905,3128.142333984375,803400
2019-07-19,3149.108393331291,3228.7795777165034,3136.528732638889,3207.8134765625,849200
2019-07-22,3178.460728699784,3186.847168617198,3153.301408947543,3157.49462890625,429400
2019-07-23,3144.915560458569,3165.8816641949593,3123.949456722178,3153.302001953125,486000
2019-07-24,3144.915560458569,3165.8816641949593,3128.1426774694564,3153.302001953125,632400
2019-07-25,3153.3013742093876,3161.6878140344124,3140.72171447185,3149.108154296875,464000
2019-07-26,3182.6541234576516,3182.6541234576516,3157.494802323599,3170.074462890625,378800
2019-07-29,3157.4950410335437,3199.42724609375,3157.4950410335437,3199.42724609375,409200
2019-07-30,3224.5862846522177,3253.9388256048387,3220.393064516129,3249.74560546875,540200
2019-07-31,3220.392750990753,3220.392750990753,3165.88089452867,3174.267333984375,791600
2019-08-01,3144.914692498763,3178.46044921875,3136.5282533187665,3178.46044921875,469400
2019-08-02,3128.142405287895,3157.4949479648594,3102.9830829933544,3115.562744140625,781600
2019-08-05,3102.9830866274624,3119.7559681768003,3061.0508827541184,3086.210205078125,855600
2019-08-06,3040.0848668649655,3241.3594511539563,3019.1187643348626,3199.42724609375,1458400
2019-08-07,3182.6541551776963,3228.7795777165034,3174.267714716095,3207.8134765625,804400
2019-08-08,3228.7796800269534,3245.5525614816393,3207.813578208597,3232.972900390625,509800
2019-08-09,3274.904715401786,3279.0979352678573,3258.1318359375,3258.1318359375,781000
2019-08-13,3241.359062615342,3245.5522826187253,3191.0404225747416,3195.233642578125,763400
2019-08-14,3199.427103863581,3232.972866420473,3182.654222585135,3224.58642578125,549600
2019-08-15,3170.0746776167166,3186.847559508869,3132.335693359375,3132.335693359375,753200
2019-08-16,3123.9488692365953,3182.653948658491,3115.5624293191813,3157.49462890625,625200
2019-08-19,3203.6202563316997,3220.3931372549023,3186.847375408497,3207.8134765625,413800
2019-08-20,3207.813092775994,3212.006312505113,3178.4605546721614,3203.619873046875,488200
2019-08-21,3170.0746776167166,3178.4611185627928,3132.335693359375,3132.335693359375,573600
2019-08-22,3144.915354778489,3144.915354778489,3107.176370521147,3132.335693359375,515400
2019-08-23,3153.301658702638,3157.4948789934665,3094.596574631047,3098.789794921875,447600
2019-08-26,3052.6638538099314,3069.4367321275686,3023.311316754067,3061.05029296875,569400
2019-08-27,3098.789269183433,3102.9824887628424,3056.8570733893407,3061.05029296875,497000
2019-08-28,3052.6646562285073,3069.437538955038,3044.2782148652423,3048.471435546875,438800
2019-08-29,3073.630126953125,3073.630126953125,3048.4708080421856,3073.630126953125,511400
2019-08-30,3073.6300925484843,3102.9826309493565,3065.243653005378,3094.59619140625,746800
2019-09-02,3077.823659578527,3119.7558620251016,3073.63043933387,3090.4033203125,400200
2019-09-03,3086.209993708054,3140.7218550099624,3069.4371133074665,3123.948974609375,493000
2019-09-04,3128.142265546033,3144.91514632644,3111.369384765625,3111.369384765625,395200
2019-09-05,3132.3353789062503,3161.6879192708334,3123.9489388020834,3144.9150390625,608200
2019-09-06,3132.335557248499,3132.335557248499,3090.403354340219,3098.789794921875,663600
2019-09-09,3111.3697944803444,3153.302001953125,3102.983352985788,3153.302001953125,485600
2019-09-10,3149.1086090047143,3165.8814910766437,3132.3357269327853,3140.72216796875,578400
2019-09-11,3170.074528143334,3224.586391722519,3157.494867317369,3216.199951171875,786800
2019-09-12,3262.3254429363246,3266.518663299996,3228.7796800269534,3232.972900390625,903600
2019-09-13,3258.132424307052,3295.8714099167864,3237.166321190533,3283.291748046875,1363400
2019-09-17,3283.291748046875,3295.8714099167864,3258.132424307052,3283.291748046875,608800
2019-09-18,3304.2576023536394,3362.9626866594144,3304.2576023536394,3312.64404296875,720000
2019-09-19,3312.644110614767,3333.6102125806833,3300.0644494352173,3329.4169921875,542400
2019-09-20,3358.769460194146,3375.542341393618,3354.5762398942784,3371.34912109375,866000
2019-09-24,3367.1561498318893,3383.929032271899,3337.8036055618727,3341.996826171875,678800
2019-09-25,3371.3490527343747,3379.735493164062,3346.189731445312,3354.576171875,688400
2019-09-26,3371.3489458442914,3396.5082663356666,3350.382845434812,3388.121826171875,930800
2019-09-27,3409.2710735791875,3413.500938434745,3328.903641323599,3358.5126953125,847800
2019-09-30,3337.3636542770464,3345.823384706139,3307.7545977752225,3333.1337890625,731200
2019-10-01,3328.903951216718,3350.0532774633293,3307.7546249701054,3316.21435546875,480000
2019-10-02,3316.2144845545977,3333.1339462104884,3295.0651574847343,3311.984619140625,685800
2019-10-03,3248.5358081471745,3248.5358081471745,3202.0073004784,3218.9267578125,708200
2019-10-04,3218.9273954133064,3282.375372983871,3206.2377998991938,3278.1455078125,670800
2019-10-07,3269.6859480539956,3278.145678838094,3240.076890309652,3248.53662109375,380800
2019-10-08,3269.6855211098373,3295.064710148206,3248.536196911197,3286.60498046875,459400
2019-10-09,3273.915702975526,3320.4442207180728,3269.685837726204,3316.21435546875,490400
2019-10-10,3295.065185546875,3311.984647346859,3252.766531046915,3295.065185546875,630400
2019-10-11,3324.6737640263027,3324.6737640263027,3273.9153859495655,3286.60498046875,638600
2019-10-15,3324.674560546875,3337.364158106214,3307.7550971344226,3324.674560546875,488200
2019-10-16,3362.7425472700415,3383.8918714667084,3316.214034037374,3366.972412109375,755600
2019-10-17,3371.2022249452625,3375.432089719347,3320.44384765625,3320.44384765625,532200
2019-10-18,3345.8230882249436,3345.8230882249436,3282.375115629022,3286.60498046875,549800
2019-10-21,3278.1456229613,3286.6053536012,3256.99629636155,3282.37548828125,341400
2019-10-23,3295.065185546875,3303.5249164468673,3256.996396496911,3295.065185546875,536800
2019-10-24,3316.213920007862,3371.2021610284,3303.524325926199,3362.742431640625,637000
2019-10-25,3375.4323108513545,3375.4323108513545,3316.214200134664,3337.363525390625,552800
2019-10-28,3316.214628405449,3320.444494002905,3290.835434820713,3299.295166015625,366200
2019-10-29,3316.213944966814,3350.052862772598,3290.834756612476,3345.822998046875,796600
2019-10-30,3354.282727498321,3371.2021864012127,3324.67367441826,3345.822998046875,1576000
2019-10-31,3341.5933141683986,3354.282909032329,3299.294664621963,3307.75439453125,537000
2019-11-01,3333.1337890625,3350.0532499206856,3320.4441934188612,3333.1337890625,639000
2019-11-05,3362.7426495032855,3383.8919743429287,3350.0530545994993,3379.662109375,663000
2019-11-06,3417.7309703590263,3443.1101607329792,3375.4323197357708,3409.271240234375,1102400
2019-11-07,3426.1907488333845,3455.7998046875,3405.041423223302,3455.7998046875,825400
2019-11-08,3460.0295541800706,3531.9372588512942,3417.730904373468,3451.56982421875,1391400
2019-11-11,3392.35199105454,3392.35199105454,3303.5248192189474,3354.283203125,1436200
2019-11-12,3383.8917805783817,3383.8917805783817,3328.903539143983,3345.822998046875,960800
2019-11-13,3366.972412423584,3366.972412423584,3282.375115629022,3286.60498046875,992200
2019-11-14,3299.294847337888,3303.5247125267824,3265.45592582673,3269.685791015625,657800
2019-11-15,3269.685791015625,3299.294847337888,3261.2260606378354,3269.685791015625,688800
2019-11-18,3240.0765975891677,3248.536327608983,3189.3182174702774,3202.0078125,1074800
2019-11-19,3176.6290788547967,3176.6290788547967,3138.560288295951,3147.02001953125,1156000
2019-11-20,3159.709587545956,3197.7783777573527,3142.7901252297793,3163.939453125,1083400
2019-11-21,3130.100528492647,3163.939453125,3113.1810661764707,3163.939453125,1071000
2019-11-22,3134.3304226783016,3168.169347619498,3130.100557060652,3147.02001953125,719400
2019-11-25,3172.3984128916613,3189.31787109375,3147.0192255885277,3189.31787109375,600800
2019-11-26,3214.697536892361,3214.697536892361,3189.318345811632,3197.778076171875,955000
2019-11-27,3210.467801246896,3210.467801246896,3189.3184744929636,3193.54833984375,512400
2019-11-28,3202.008070545323,3210.467801246896,3189.3184744929636,3193.54833984375,476400
2019-11-29,3197.7784069430445,3197.7784069430445,3147.02001953125,3147.02001953125,706800
2019-12-02,3159.709188636081,3193.5481089963064,3159.709188636081,3185.08837890625,667200
2019-12-03,3163.9394820018483,3176.6290788547967,3147.02001953125,3147.02001953125,666600
2019-12-04,3151.2498851488995,3159.709616384199,3125.8706914430027,3147.02001953125,841000
2019-12-05,3151.249498318796,3180.8585540076974,3147.019633220382,3159.709228515625,975200
2019-12-06,3159.709587545956,3180.8589154411766,3151.2498563878676,3163.939453125,572400
2019-12-09,3185.0884806315103,3197.778076171875,3168.169019911024,3197.778076171875,487400
2019-12-10,3189.3182707151204,3197.7780008761683,3168.1689453125,3168.1689453125,442600
2019-12-11,3176.6282347809124,3176.6282347809124,3134.32958984375,3134.32958984375,708800
2019-12-12,3138.559454337466,3147.0191833248987,3130.0997253500336,3134.32958984375,444600
2019-12-13,3172.3992132371473,3176.6290788547967,3147.02001953125,3147.02001953125,1256600
2019-12-16,3155.47900390625,3172.3984623722354,3151.2491392897537,3155.47900390625,580200
2019-12-17,3159.7088685227463,3168.168597755739,3142.789410056761,3155.47900390625,589400
2019-12-18,3147.019633220382,3168.1689587124542,3142.789768121967,3159.709228515625,616200
2019-12-19,3172.3992132371473,3172.3992132371473,3147.02001953125,3147.02001953125,432200
2019-12-20,3155.4795618471894,3155.4795618471894,3113.180908203125,3113.180908203125,984600
2019-12-23,3130.0997253500336,3138.559454337466,3117.410131868885,3134.32958984375,382400
2019-12-24,3147.01961990988,3172.398810393024,3142.789754829356,3168.1689453125,514600
2019-12-25,3176.6284692284235,3176.6284692284235,3142.78955078125,3142.78955078125,419600
2019-12-26,3138.560259650735,3168.169318704044,3138.560259650735,3163.939453125,345600
2019-12-27,3163.9390802319763,3180.858540554072,3163.9390802319763,3168.1689453125,486200
2019-12-30,3142.7894601382536,3147.0193248221544,3121.64013671875,3121.64013671875,492800
2020-01-06,3087.801567775061,3092.0314329363964,3053.962646484375,3053.962646484375,965600
2020-01-07,3075.111486931722,3138.559454337466,3070.8816224380057,3134.32958984375,732200
2020-01-08,3070.881670734567,3125.8699100176927,3066.6518061743263,3100.49072265625,900200
2020-01-09,3147.019593500996,3189.3182439512784,3142.7897284559676,3185.08837890625,797400
2020-01-10,3189.31787109375,3202.0074647453166,3172.3984128916613,3189.31787109375,664200
2020-01-14,3206.2376775099074,3206.2376775099074,3176.628622440555,3202.0078125,489600
2020-01-15,3189.3180121816745,3197.7777416569575,3163.938823755826,3176.62841796875,559600
2020-01-16,3193.547711133328,3210.4671692055576,3168.1685240249835,3206.2373046875,568000
2020-01-17,3214.697394289361,3223.157124274333,3193.548069326931,3210.467529296875,565000
2020-01-20,3172.3985532311085,3189.3180121816745,3172.3985532311085,3176.62841796875,519800
2020-01-21,3202.0073004784,3223.156622146025,3189.317707477825,3218.9267578125,891800
2020-01-22,3227.3872941335044,3252.7664864857993,3218.927563349406,3248.53662109375,704800
2020-01-23,3214.697643162049,3286.6053536012,3197.778181882249,3282.37548828125,1162400
2020-01-24,3278.145392366158,3282.375257388566,3252.7662022317104,3273.91552734375,509800
2020-01-27,3240.0765552569533,3316.214124440537,3214.697365529092,3307.75439453125,1025800
2020-01-28,3345.8233710566656,3362.742831845827,3324.6740450702137,3341.593505859375,1777600
2020-01-29,3299.2947930837868,3303.524658203125,3265.4558721290814,3303.524658203125,1037600
2020-01-30,3273.915642641129,3290.835103326613,3244.3065864415325,3278.1455078125,864200
2020-01-31,3299.2949775340026,3307.7547082456285,3265.4560546875,3265.4560546875,958000
2020-02-03,3252.766330260046,3295.0649821489933,3252.766330260046,3269.685791015625,868400
2020-02-04,3244.3063705187055,3265.45569496798,3231.6167758491406,3261.225830078125,857400
2020-02-05,3261.2262619469075,3311.984647346859,3261.2262619469075,3295.065185546875,1142200
2020-02-06,3341.5930470320877,3362.7423701145694,3130.0998162072724,3155.47900390625,2841600
2020-02-07,3172.3989950644004,3189.3184563714103,3125.8704764701224,3130.100341796875,1554200
2020-02-10,3108.950542667048,3138.5595954543533,3100.4908132992464,3121.64013671875,976800
2020-02-12,3087.801567775061,3100.491163259068,3053.962646484375,3053.962646484375,1390400
2020-02-13,3028.583782883425,3079.3421703060526,3011.664320409216,3075.1123046875,1307400
2020-02-14,3020.1234449378526,3028.5831744754937,2986.2845267872885,2998.97412109375,1929600
2020-02-17,3011.6639204545454,3062.4223011363633,2982.054865056818,3024.353515625,2061000
2020-02-18,3024.3535023453846,3053.9625576131016,3011.6639072306484,3032.813232421875,1091400
2020-02-19,2990.5147226371014,3041.273105482427,2986.284857399991,3020.123779296875,1002600
2020-02-20,3015.893839230463,3037.043164891266,2990.5146484375,2990.5146484375,696000
2020-02-21,2994.7446566495028,3007.434252652255,2973.5953299782495,2977.8251953125,765200
2020-02-25,2901.6871905869184,2901.6871905869184,2859.3885434938143,2863.618408203125,1724200
2020-02-26,2859.3886460248164,2893.227564912684,2838.239321719899,2876.30810546875,1576000
2020-02-27,2872.078359920813,2876.308224957515,2779.021329113364,2800.170654296875,1676200
2020-02-28,2745.182529236219,2762.101990125194,2702.883877013781,2724.033203125,1818200
2020-03-02,2685.96430231216,2728.262952742273,2647.8955169250585,2719.80322265625,1843800
2020-03-03,2770.5617344936477,2791.7110607111567,2711.3436210846235,2715.573486328125,1900000
2020-03-04,2698.65380859375,2724.032998016262,2690.194078786246,2698.65380859375,1209600
2020-03-05,2804.400134369126,2829.779321105498,2787.480676544878,2812.85986328125,1565400
2020-03-06,2791.7108979096283,2829.7796828811233,2779.02130291913,2817.090087890625,1410400
2020-03-09,2770.5613824444335,2825.54962362272,2745.1821942083016,2783.2509765625,1761400
2020-03-10,2753.642138893151,2825.5498445170883,2690.1941633426172,2800.170654296875,1802600
2020-03-11,2800.17060182486,2867.84844114389,2800.17060182486,2834.009521484375,1529600
2020-03-12,2783.25142292804,2825.5500767719313,2719.8034421622033,2808.630615234375,1853000
2020-03-13,2707.1134350393704,2766.3315414308563,2609.8265459676427,2685.964111328125,2902600
2020-03-16,2707.11375,2753.642267578125,2635.206041015625,2643.665771484375,1774800
2020-03-17,2618.2863617637995,2800.170551676309,2609.826632000427,2787.48095703125,2748800
2020-03-18,2829.77941699644,2969.3649487765333,2817.0898231982496,2914.376708984375,2707400
2020-03-19,2998.974652090927,3032.8135762329966,2880.5384175936833,2973.595458984375,2820800
2020-03-23,2939.756064857124,2973.594983589292,2867.8483625512663,2965.13525390625,2046800
2020-03-24,3028.583253003945,3037.0429827609396,2901.6873066490316,2948.2158203125,1701800
2020-03-25,2973.59526168866,3020.123779296875,2905.917417894892,3020.123779296875,1884800
2020-03-26,3037.043304608319,3147.019803103886,2977.8251900337837,3130.100341796875,2350400
2020-03-27,3180.858788552546,3240.076904296875,3159.7094615009996,3240.076904296875,2447400
2020-03-30,3210.155370967904,3317.01806640625,3188.7828318802353,3317.01806640625,1537000
2020-03-31,3312.742837270101,3359.7624130249023,3269.9977684020996,3282.8212890625,1412600
2020-04-01,3244.351102477288,3274.272654147039,3150.3119400866417,3175.958984375,1352000
2020-04-02,3175.9593788064935,3218.7044579290573,3154.5868392452116,3180.23388671875,1180600
2020-04-03,3201.606014571717,3265.723625010403,3188.7824924839797,3210.155029296875,1252400
2020-04-06,3231.527743252841,3308.4688799969563,3210.1552052683646,3291.370849609375,1173000
2020-04-07,3299.9195749383225,3317.0176038240133,3222.9784449527137,3248.62548828125,1293200
2020-04-08,3248.6257736404223,3308.4688799969563,3248.6257736404223,3291.370849609375,963400
2020-04-09,3261.449249471846,3278.547279613245,3150.312053552753,3193.05712890625,985400
2020-04-10,3210.1548782552086,3210.1548782552086,3141.7627636718753,3205.88037109375,806200
2020-04-13,3167.409806640625,3214.4293854166667,3163.135299479167,3205.88037109375,573200
2020-04-14,3222.978759765625,3244.351297960357,3201.606221570893,3222.978759765625,800400
2020-04-15,3188.782409109477,3269.998046875,3175.958887357026,3269.998046875,992600
2020-04-16,3257.1748650156856,3334.116003559363,3240.0768342282017,3321.29248046875,991400
2020-04-17,3342.6648459032504,3346.93935337883,3278.5472337695564,3295.645263671875,1081400
2020-04-20,3235.801988868464,3295.645090379902,3231.527481617647,3269.998046875,716400
2020-04-21,3248.6260152258938,3355.488713095167,3248.6260152258938,3346.939697265625,995200
2020-04-22,3282.8215460526317,3287.0960532740546,3218.7039377312913,3248.62548828125,1126400
2020-04-23,3261.4491613240184,3269.998176163662,3227.2531019654443,3252.900146484375,750200
2020-04-24,3261.4493892357164,3287.096435546875,3240.0768506430836,3287.096435546875,830800
2020-04-27,3299.9195976307187,3308.468612132353,3257.174525122549,3269.998046875,728600
2020-04-28,3257.174711254915,3261.44921875,3218.7041437991484,3261.44921875,1001600
2020-04-30,3278.547279613245,3295.6453097546437,3184.508113835551,3193.05712890625,1408600
2020-05-01,3205.8807454863436,3240.076806771531,3167.4101765405076,3188.78271484375,961000
2020-05-07,3180.2335556151056,3244.351167623475,3180.2335556151056,3240.07666015625,864600
2020-05-08,3235.8019440707785,3252.899972837334,3210.154900920944,3227.2529296875,977800
2020-05-11,3227.2529296875,3248.6254656456954,3210.154900920944,3227.2529296875,749000
2020-05-12,3248.625510620915,3282.821568627451,3240.076496119281,3269.998046875,796600
2020-05-13,3287.096133792882,3291.370641119011,3244.3510605315964,3278.547119140625,921800
2020-05-14,3278.547248730341,3304.194293700852,3261.44921875,3261.44921875,717000
2020-05-15,3291.3707348696553,3291.3707348696553,3244.351152942946,3274.272705078125,944600
2020-05-18,3274.2728192217937,3304.1943724000607,3265.723804028003,3291.370849609375,720600
2020-05-19,3295.6450677169,3299.9195749383225,3235.801966616982,3248.62548828125,841800
2020-05-20,3244.351131644731,3282.821698423127,3231.527609385266,3252.900146484375,932600
2020-05-21,3218.7042521266785,3227.2532674045715,3197.331713931946,3222.978759765625,712000
2020-05-22,3197.3316364416,3218.7041741183484,3184.508113835551,3193.05712890625,754800
2020-05-25,3291.3703028361,3329.8408648173013,3244.350727081299,3282.8212890625,1660400
2020-05-26,3282.821726572529,3329.84130859375,3257.174681833681,3329.84130859375,1022600
2020-05-27,3321.292314801897,3351.2138671875,3312.743299834582,3351.2138671875,915400
2020-05-28,3359.762590285967,3398.233154296875,3338.3900547243516,3398.233154296875,1079400
2020-05-29,3402.5076378988133,3500.8213008029247,3389.684116650451,3466.625244140625,1598800
2020-06-01,3513.64539439754,3535.017933292902,3479.44933216496,3496.54736328125,1189000
2020-06-02,3509.37021008003,3522.193730945122,3462.350633574695,3505.095703125,699000
2020-06-03,3522.194025706891,3522.194025706891,3445.2528940773714,3458.076416015625,780800
2020-06-04,3505.0959119646113,3517.91943359375,3462.3508398674817,3517.91943359375,1072000
2020-06-05,3517.919548726572,3556.390114873035,3492.27250462893,3535.017578125,1268200
2020-06-08,3539.2924786713957,3543.566986495878,3462.3513378307134,3483.723876953125,806800
2020-06-09,3513.6450413769653,3539.292085474607,3487.997997279323,3535.017578125,706200
2020-06-10,3547.840948589778,3564.93897725768,3522.193905587924,3530.742919921875,724000
2020-06-11,3547.8408203125,3577.762369399473,3526.4682852503765,3547.8408203125,1122000
2020-06-12,3530.742930106526,3586.3115234375,3492.272365492774,3586.3115234375,1475000
2020-06-15,3586.3117245811027,3680.3508878001544,3543.566650390625,3543.566650390625,1731000
2020-06-16,3616.2334957522944,3680.351110925208,3573.4884189703525,3667.527587890625,1138200
2020-06-17,3676.076809865124,3676.076809865124,3616.2336990068543,3624.78271484375,738800
2020-06-18,3718.821149553571,3731.644670758929,3633.331008184524,3680.3505859375,1082000
2020-06-19,3671.802115677958,3693.1746541859793,3654.704084871542,3688.900146484375,944200
2020-06-22,3676.076488628879,3684.6255037187134,3650.429443359375,3650.429443359375,530000
2020-06-23,3663.253305200395,3671.8023210818433,3603.4101940302608,3646.1552734375,548600
2020-06-24,3611.959001001064,3620.508016388049,3556.3904009856633,3577.762939453125,811000
2020-06-25,3547.841051051611,3594.8606312462707,3526.4685145994927,3582.037109375,802000
2020-06-26,3586.3116166654236,3590.586123955847,3543.5665437611874,3582.037109375,467800
2020-06-29,3624.78273373388,3663.253305200395,3590.586670208089,3646.1552734375,1223200
2020-06-30,3684.6256186034016,3697.449141637984,3641.88054182146,3667.527587890625,999600
2020-07-01,3684.625825702019,3684.625825702019,3611.9591910884064,3624.78271484375,772200
2020-07-02,3641.880485178154,3667.527530848423,3624.782454731308,3658.978515625,680400
2020-07-03,3654.704008013288,3676.0765460718458,3633.331469954731,3658.978515625,615200
2020-07-06,3663.2533802121184,3693.174936409884,3658.9788721838663,3676.076904296875,510800
2020-07-07,3624.782341182512,3650.4293860493694,3599.1352963156546,3641.88037109375,728400
2020-07-08,3633.331522744083,3688.900122503698,3611.958984375,3611.958984375,791000
2020-07-09,3577.762566710482,3603.409610199446,3543.566508725197,3594.860595703125,796800
2020-07-10,3594.8610072879196,3641.8805924010794,3560.66494538744,3564.939453125,760200
2020-07-13,3590.586075530035,3629.056640625,3560.6645249006183,3629.056640625,533400
2020-07-14,3633.331371144661,3654.7039086219825,3599.1353111809462,3607.684326171875,468200
2020-07-15,3629.0569262610047,3680.351017091549,3624.782418691793,3671.802001953125,689400
2020-07-16,3641.8803861355896,3650.4294011265183,3586.3117886945533,3607.684326171875,862800
2020-07-17,3616.233661799537,3646.15521692081,3607.684646050602,3637.606201171875,508800
2020-07-20,3629.0568486603215,3641.88037109375,3616.2333262268926,3641.88037109375,335400
2020-07-21,3650.4298190487134,3663.253343003217,3629.057279124541,3633.331787109375,669000
2020-07-22,3633.3312552315847,3633.3312552315847,3582.037166922433,3590.586181640625,827800
2020-07-27,3547.841221235374,3607.684326171875,3535.0176987489817,3607.684326171875,1032200
2020-07-28,3607.684419715673,3637.605972959761,3586.311881684182,3603.409912109375,584600
2020-07-29,3607.684290141676,3629.056827405549,3590.586260330578,3620.5078125,446400
2020-07-30,3599.135275236127,3641.880349763872,3586.311752877804,3620.5078125,516600
2020-07-31,3607.684048927437,3616.233063261388,3517.9193984209483,3530.742919921875,870400
2020-08-03,3569.21337890625,3590.5859141092815,3543.566336662612,3569.21337890625,723200
2020-08-04,3594.8609803082195,3842.782427226028,3582.037457191781,3744.46875,3692200
2020-08-05,3633.331465353462,3663.2530185975497,3535.0177904086036,3603.409912109375,2401200
2020-08-06,3582.0375410016077,3594.861064418081,3530.7434473357134,3573.488525390625,855000
2020-08-07,3582.0370162581944,3594.860537796111,3556.38997318236,3586.3115234375,553800
2020-08-11,3633.3313348583233,3641.880349763872,3582.0372454250296,3620.5078125,881400
2020-08-12,3603.4102312155337,3684.6258829273897,3543.5671194278493,3633.331787109375,1933600
2020-08-13,3663.2528870277447,3667.527394480519,3599.135275236127,3620.5078125,1324600
2020-08-14,3637.6063320426056,3693.174936409884,3629.057315986101,3676.076904296875,930600
2020-08-17,3658.978401004989,3684.625445871846,3641.88037109375,3641.88037109375,322200
2020-08-18,3633.331562956871,3658.9786092836257,3616.233532072368,3654.7041015625,637800
2020-08-19,3667.5277011809385,3701.723763662812,3663.253193370704,3684.625732421875,603600
2020-08-20,3676.0768851706503,3718.821965230775,3671.8023771646385,3710.27294921875,506600
2020-08-21,3727.370621292679,3740.194144072356,3680.3510377671982,3693.174560546875,413600
2020-08-24,3693.174917194701,3727.3709812428,3688.900409188688,3710.27294921875,411000
2020-08-25,3757.2925372848863,3757.2925372848863,3705.998441212738,3710.27294921875,560800
2020-08-26,3705.998083326552,3705.998083326552,3658.978499801071,3693.174560546875,472200
2020-08-27,3684.625638782771,3705.998177290792,3676.0766233795625,3688.900146484375,373600
2020-08-28,3688.900390912224,3688.900390912224,3594.861215245864,3633.331787109375,810200
2020-08-31,3641.880485178154,3693.174576518691,3616.233439507885,3658.978515625,671800
2020-09-01,3641.8803861355896,3654.7039086219825,3599.1353111809462,3607.684326171875,472600
2020-09-02,3590.586123955847,3594.8606312462707,3564.9390802133053,3582.037109375,517200
2020-09-03,3603.4092231163618,3603.4092231163618,3543.566128070538,3556.3896484375,789000
2020-09-04,3509.3703382903454,3526.468366735122,3470.8997742895986,3487.997802734375,771200
2020-09-07,3453.801805599122,3458.0763127842692,3398.2332121922054,3406.7822265625,694400
2020-09-08,3398.23332711552,3432.42938575316,3385.4098051264045,3423.88037109375,530800
2020-09-09,3359.7623827385178,3398.232944372928,3351.2133690419823,3385.409423828125,915000
2020-09-10,3402.507777055303,3423.8803133433394,3393.958762540089,3415.331298828125,667200
2020-09-11,3440.9782591722405,3475.17431640625,3419.605723400984,3475.17431640625,1042000
2020-09-14,3466.625638914813,3475.174654053937,3445.2531010670027,3470.900146484375,630600
2020-09-15,3449.527239644752,3453.8017467570753,3398.233154296875,3398.233154296875,676400
2020-09-16,3428.155029296875,3449.5275668860077,3406.7824917077423,3428.155029296875,587600
2020-09-17,3415.330952257213,3453.801513671875,3402.5074317856593,3453.801513671875,949600
2020-09-18,3462.3507370578377,3479.4487653889873,3445.2527087266876,3466.625244140625,1153600
2020-09-23,3440.9787793571563,3475.174841760706,3423.8807481553818,3462.351318359375,685400
2020-09-24,3483.7237466851725,3517.9198080023275,3475.174731355884,3500.82177734375,785200
2020-09-25,3530.7429552228887,3530.7429552228887,3500.821404754898,3517.91943359375,775000
2020-09-28,3552.1155232215183,3594.860595703125,3543.566508725197,3594.860595703125,1113200
2020-09-29,3566.8260798025017,3566.8260798025017,3502.131531801247,3545.26123046875,801800
2020-09-30,3532.322480614506,3536.635450676306,3463.314959625699,3467.6279296875,965000
2020-10-02,3450.376406848659,3450.376406848659,3359.8040261688816,3377.055908203125,1042600
2020-10-05,3389.994672133144,3476.2540785487454,3389.994672133144,3459.002197265625,922600
2020-10-06,3454.68896484375,3471.940844818001,3441.750054863062,3454.68896484375,514600
2020-10-07,3428.8116082344345,3433.12457881083,3377.0559613176883,3389.994873046875,849600
2020-10-08,3428.8111697584955,3437.4371098082024,3389.9944395348143,3402.933349609375,767000
2020-10-09,3364.116589450097,3377.05549940952,3329.6128295583007,3338.23876953125,1106200
2020-10-12,3320.986987878386,3329.612928106642,3286.483226965364,3303.735107421875,552400
2020-10-13,3320.987006116566,3320.987006116566,3290.7962151518705,3308.048095703125,534600
2020-10-14,3308.0486882099976,3338.239484582188,3303.735717299685,3333.926513671875,571800
2020-10-15,3329.613227913687,3346.865109923602,3312.3613459037715,3316.67431640625,453800
2020-10-16,3333.9257873535157,3342.551727294922,3273.5442077636717,3277.857177734375,634800
2020-10-19,3277.857177734375,3299.4220275878906,3273.5442077636717,3277.857177734375,482000
2020-10-20,3295.108927570966,3308.047836972423,3239.0403201646536,3247.666259765625,660600
2020-10-21,3243.3534974201066,3269.231317878246,3239.04052734375,3239.04052734375,498600
2020-10-22,3239.0406269058085,3239.0406269058085,3200.223895025446,3204.536865234375,505200
2020-10-23,3217.476038778982,3234.7279210244455,3195.9111859721525,3208.85009765625,579000
2020-10-26,3195.9109965251632,3247.6666401935868,3195.9109965251632,3221.788818359375,445400
2020-10-27,3239.040927263112,3239.040927263112,3200.2241917832607,3217.47607421875,665400
2020-10-28,3213.162706885611,3247.666467496463,3204.536766732898,3239.04052734375,677600
2020-10-29,3234.727350364168,3282.1700181695096,3234.727350364168,3247.666259765625,778400
2020-10-30,3295.1089835999505,3295.1089835999505,3239.0403752402653,3260.605224609375,857400
2020-11-02,3282.1702024927304,3320.986932877007,3277.857232450033,3290.796142578125,803200
2020-11-04,3325.299957992514,3329.612928106642,3295.1091671936197,3303.735107421875,803400
2020-11-05,3273.5446113814614,3316.67431640625,3264.918670376504,3316.67431640625,781200
2020-11-06,3303.735052706217,3312.3609927916123,3277.857232450033,3290.796142578125,763800
2020-11-09,3303.735527746456,3364.1171170264174,3290.796615757893,3346.865234375,1212600
2020-11-10,3372.7425170898437,3385.681427001953,3247.666387939453,3277.857177734375,1766800
2020-11-11,3234.7275572673934,3277.8572580309587,3221.788647038324,3239.04052734375,1540400
2020-11-12,3264.918249559968,3273.544189453125,3243.3533998270755,3273.544189453125,950800
2020-11-13,3282.1704935926073,3282.1704935926073,3230.414848489964,3243.353759765625,891000
2020-11-16,3247.6665401231376,3273.5443611599753,3234.7276296047185,3256.29248046875,993800
2020-11-17,3264.918194483197,3269.2311643570188,3243.3533451140875,3260.605224609375,1113200
2020-11-18,3282.17041015625,3303.7352617341494,3264.9185288939307,3282.17041015625,794600
2020-11-19,3256.292418236826,3308.0480593213847,3256.292418236826,3299.422119140625,1165400
2020-11-20,3286.48338047183,3329.6130836276284,3264.9185288939307,3282.17041015625,814800
2020-11-24,3333.9259165300077,3342.551856805635,3290.7962151518705,3308.048095703125,991600
2020-11-25,3316.673907470703,3316.673907470703,3277.857177734375,3277.857177734375,810000
2020-11-26,3260.605359375,3269.2312994791664,3226.101598958333,3234.7275390625,1026400
2020-11-27,3247.6664492187497,3264.9183294270833,3230.4145690104165,3234.7275390625,1086200
2020-11-30,3221.788901724466,3234.727812976372,3174.3462271341464,3182.97216796875,1791800
2020-12-01,3187.2855231279887,3204.537406879696,3148.4687846866464,3157.0947265625,1052000
2020-12-02,3157.094165843922,3170.0330763596753,3126.903374640496,3139.84228515625,1557800
2020-12-03,3135.529260506465,3157.0941109913792,3118.2773801185344,3126.9033203125,1006200
2020-12-04,3126.9034819641943,3165.72021484375,3126.9034819641943,3165.72021484375,632200
2020-12-07,3157.0944469713186,3170.033358639234,3144.1555353034037,3148.468505859375,624600
2020-12-08,3148.467962167942,3152.780931979131,3118.277173489619,3135.529052734375,689200
2020-12-09,3165.720079576647,3204.536810797614,3152.781169169658,3191.597900390625,730000
2020-12-10,3200.2239668308653,3226.101788665077,3191.598026219461,3221.788818359375,701400
2020-12-11,3230.4145871910373,3243.3534974201066,3208.8497368092544,3239.04052734375,734800
2020-12-14,3230.414631611592,3239.040571882918,3191.597900390625,3191.597900390625,755800
2020-12-15,3191.5979272192653,3200.223867563101,3139.84228515625,3139.84228515625,806000
2020-12-16,3105.3381533893894,3135.5289409917864,3101.025183731904,3109.651123046875,949200
2020-12-17,3096.7125296336203,3139.842230603448,3092.3995595366378,3126.9033203125,760000
2020-12-18,3092.399432424051,3113.9642820225454,3075.147552745256,3096.71240234375,1260400
2020-12-21,3105.3388140690377,3122.5906963694215,3079.4609906184623,3092.39990234375,423000
2020-12-22,3075.147570953581,3101.025390625,3070.834601008345,3101.025390625,582800
2020-12-23,3113.9642036784303,3139.842022545564,3113.9642036784303,3135.529052734375,596400
2020-12-24,3170.032792524858,3170.032792524858,3122.5901248816285,3131.216064453125,517800
2020-12-25,3170.0330946180557,3170.0330946180557,3139.842303240741,3144.1552734375,469200
2020-12-28,3144.154973810369,3157.0938831676135,3118.2771550958805,3131.216064453125,578800
2020-12-29,3122.5906825235447,3152.781476415347,3113.964741411601,3148.468505859375,637200
2020-12-30,3157.0938831676135,3157.0938831676135,3131.216064453125,3131.216064453125,622000
2021-01-04,3135.5292055758746,3144.1551456187244,3105.3384154259006,3113.96435546875,499800
2021-01-05,3113.964300460709,3122.5902403511823,3092.399450734527,3101.025390625,539400
2021-01-06,3083.7735108440543,3105.3383605702365,3079.4605408988177,3101.025390625,437800
2021-01-07,3101.025843493942,3113.9647552192296,3088.0869317686543,3092.39990234375,776400
2021-01-08,3092.4001624935963,3157.0947265625,3083.7742206177427,3157.0947265625,1147800
2021-01-12,3135.5296469320215,3182.972323845711,3113.9647937894356,3161.407470703125,848800
2021-01-13,3182.972041723666,3182.972041723666,3135.529369015048,3152.78125,866600
2021-01-14,3126.903054639798,3178.65869140625,3126.903054639798,3178.65869140625,768800
2021-01-15,3178.659071477428,3178.659071477428,3139.842339261286,3152.78125,668000
2021-01-18,3126.903113111997,3152.780931979131,3122.590143300808,3135.529052734375,527000
2021-01-19,3139.842230603448,3161.407081088362,3126.9033203125,3126.9033203125,520400
2021-01-20,3113.96409270436,3126.903001676816,3109.651123046875,3109.651123046875,556400
2021-01-21,3135.529608094709,3157.0944609701883,3092.39990234375,3092.39990234375,908600
2021-01-22,3075.1475582474513,3075.1475582474513,3040.643798828125,3040.643798828125,1245400
2021-01-25,3044.957208558834,3088.0869140625,3044.957208558834,3088.0869140625,806600
2021-01-26,3062.2089485125352,3075.147859562588,3027.705185712394,3053.5830078125,1103600
2021-01-27,3053.582890351835,3096.7125921929633,3053.582890351835,3083.773681640625,1146800
2021-01-28,3088.0866336769086,3088.0866336769086,3044.956932089242,3079.460693359375,1222400
2021-01-29,3083.773663518142,3118.277424788275,3066.5217828830755,3079.460693359375,1281000
2021-02-01,3070.834943081927,3083.7738543589576,3044.9571205278658,3066.52197265625,687000
2021-02-02,3057.896031804896,3066.52197265625,3049.2700909535424,3066.52197265625,554800
2021-02-03,3075.147679148706,3126.9033203125,3070.834709051724,3126.9033203125,945200
2021-02-04,3092.3998846128666,3105.3387962639663,3075.1480024114,3088.0869140625,743200
2021-02-05,3088.0862747594483,3118.2770623618453,3066.521426472022,3109.651123046875,858600
2021-02-08,3126.9033305538524,3195.9108523315927,3122.5903604427435,3187.284912109375,1367200
2021-02-09,3191.5976602798314,3200.2235999022096,3113.9642036784303,3135.529052734375,1368400
2021-02-10,3131.216180241655,3131.216180241655,3096.7124206797635,3101.025390625,978000
2021-02-12,3096.71250068772,3105.3384408010565,3053.582800121039,3062.208740234375,1272800
2021-02-15,3092.399603835675,3092.399603835675,3066.5217828830755,3079.460693359375,540400
2021-02-16,3092.3996220088507,3101.025562377076,3079.460711456512,3083.773681640625,882800
2021-02-17,3062.2087219840887,3079.4606021079426,3053.5827819221613,3057.895751953125,922000
2021-02-18,3075.1476504043794,3079.4606204610477,3053.582800121039,3062.208740234375,754200
2021-02-19,3053.582971848442,3062.208912446884,3027.7051500531165,3044.95703125,904600
2021-02-22,3032.01795712092,3044.9568673220047,3006.14013671875,3006.14013671875,1318800
2021-02-24,3001.827446016631,3027.705268827119,2988.888534611387,3014.766357421875,1178200
2021-02-25,3006.140747777966,3014.766689665421,2975.949951171875,2975.949951171875,1030400
2021-02-26,2971.6362351637617,2980.2621748884753,2915.567626953125,2915.567626953125,1671200
2021-03-01,2954.3844850241353,2975.949335279786,2924.1936946662245,2945.758544921875,862400
2021-03-02,2941.44559304756,2950.071533203125,2928.5066828142135,2950.071533203125,782800
2021-03-03,2941.4455016280835,2950.071441515556,2919.880651909403,2928.506591796875,955800
2021-03-04,2941.44559304756,2954.384503280907,2919.8807426586486,2950.071533203125,868600
2021-03-05,2971.6367892090548,2988.888671875,2954.3849065431095,2988.888671875,818600
2021-03-08,2997.51416015625,3014.766040214703,2984.5752501124102,2997.51416015625,1031000
2021-03-09,3023.3920456104065,3070.834716796875,3010.4531352868244,3070.834716796875,1209600
2021-03-10,3066.521882746105,3066.521882746105,3036.331090651558,3044.95703125,837400
2021-03-11,3066.5216183926195,3066.5216183926195,3032.0178589732936,3040.643798828125,670800
2021-03-12,3032.017931767344,3075.147632076979,3014.76605164349,3057.895751953125,1260600
2021-03-15,3066.5220788931747,3092.39990234375,3062.209108318079,3092.39990234375,905000
2021-03-16,3092.399603835675,3101.025544153209,3079.460693359375,3079.460693359375,787400
2021-03-17,3070.8346620460156,3079.4606021079426,3040.643871829271,3057.895751953125,895400
2021-03-18,3053.5828724067756,3083.773663518142,3044.956932089242,3079.460693359375,829000
2021-03-19,3057.8961202099335,3096.712855163233,3053.583149659567,3088.0869140625,1262000
2021-03-22,3088.086535340201,3118.277325490175,3079.460595297351,3113.96435546875,994000
2021-03-23,3131.2161987304685,3135.529168701172,3096.712438964844,3105.33837890625,799000
2021-03-24,3105.3384776597613,3113.964417875483,3049.2698662575713,3070.834716796875,847800
2021-03-25,3036.3308414464536,3105.3383605702365,3023.391931610744,3101.025390625,1197800
2021-03-26,3113.964410021551,3135.529260506465,3092.3995595366378,3126.9033203125,1071000
2021-03-29,3170.0331035629415,3204.536865234375,3157.094192936154,3204.536865234375,1847400
2021-03-30,3184.930833369452,3189.2877838938975,3123.933526027219,3141.361328125,1063800
2021-03-31,3110.862092778924,3128.2898916180216,3097.791243649601,3102.148193359375,1000200
2021-04-01,3119.5765001428445,3137.00430181962,3097.791748046875,3097.791748046875,654200
2021-04-02,3102.1482908773014,3115.219140417515,3071.6496419501373,3076.006591796875,621400
2021-04-05,3093.434899296321,3097.79184985871,3062.936245359597,3071.650146484375,567400
2021-04-06,3076.006970249821,3089.077821398191,3041.1513671875,3041.1513671875,842800
2021-04-07,3062.936136035016,3076.006987255649,3032.437483186872,3036.79443359375,1240400
2021-04-08,3058.5790400857,3062.935990285252,3010.652587890625,3010.652587890625,848600
2021-04-09,3006.295588160798,3049.8650894384905,3006.295588160798,3023.723388671875,1008400
2021-04-12,3036.79443359375,3045.508334407505,3028.0805327799944,3036.79443359375,604800
2021-04-13,3045.5082673468705,3076.0069195234487,3041.151317035931,3054.22216796875,649600
2021-04-14,3062.9361191014505,3067.2930694842407,3036.7944168047097,3041.1513671875,506800
2021-04-15,3036.794239055183,3058.578989694029,3019.3664385441057,3023.723388671875,475400
2021-04-16,3041.1512392874906,3041.1512392874906,2997.581737291968,3010.652587890625,660600
2021-04-19,3010.6529346772354,3015.0098853786494,2984.51123046875,2984.51123046875,829000
2021-04-20,2984.5110707002527,2988.8680211684286,2962.726318359375,2962.726318359375,756600
2021-04-21,2954.012141163398,2975.7968914669627,2936.584340920546,2971.43994140625,1014600
2021-04-22,2954.0126095237006,2980.15431403276,2949.6556587721907,2975.79736328125,652800
2021-04-23,2949.655191102685,2980.153841527676,2949.655191102685,2971.43994140625,629400
2021-04-26,2971.439794777413,2971.439794777413,2945.298095703125,2945.298095703125,805400
2021-04-27,2967.0828285837106,2971.4397784054195,2940.9411296534577,2949.655029296875,714000
2021-04-28,2949.6553907707557,2954.0123411263994,2919.15673828125,2919.15673828125,892800
2021-04-30,2936.5841798317488,2971.4397784054195,2932.22723001004,2949.655029296875,770800
2021-05-06,2993.2246917098146,3010.6524919526664,2967.082991345537,2971.43994140625,958600
2021-05-07,2980.15398602153,3015.00958819722,2971.440085477607,2997.581787109375,660800
2021-05-10,2993.2247541683573,3023.7234052297526,2984.5108538651016,3019.366455078125,640600
2021-05-11,3032.4373388883864,3032.4373388883864,2980.153936493759,3010.652587890625,864400
2021-05-12,3032.437464966368,3045.508316108464,2879.9442016419093,2914.7998046875,2491000
2021-05-13,2910.442837569962,2945.298440415112,2888.6580857917443,2919.15673828125,1134000
2021-05-14,2923.5136651130874,2988.867919921875,2923.5136651130874,2988.867919921875,993600
2021-05-17,2975.796514033565,2984.5104130497684,2927.870069444444,2940.94091796875,577400
2021-05-18,2940.9415827935154,2980.154137230762,2940.9415827935154,2958.369384765625,947400
2021-05-19,2984.5110877237894,3010.6527906819542,2927.8707313144328,2958.369384765625,1138000
2021-05-20,2940.941757269171,2980.15431403276,2932.227855766151,2975.79736328125,669200
2021-05-21,3019.3665384691813,3023.723488741143,2980.15398602153,2997.581787109375,682400
2021-05-24,2984.510969601289,2997.5818205630467,2967.083168318946,2988.867919921875,663200
2021-05-25,3001.9385918312405,3001.9385918312405,2962.726041284824,2971.43994140625,753400
2021-05-26,2954.012141163398,2980.153841527676,2949.655191102685,2971.43994140625,583800
2021-05-27,2940.941449960767,2997.581803811863,2936.5844996645287,2993.224853515625,3482600
2021-05-28,3001.9388045818487,3006.295754951343,2967.083201625891,2980.154052734375,977600
2021-05-31,2993.224971636604,3006.2958230411305,2958.3693678911995,2962.726318359375,694200
2021-06-01,2958.369027468913,2962.72597743573,2923.513427734375,2923.513427734375,774000
2021-06-02,2893.0151029936187,2906.0859543625656,2858.159499343093,2901.72900390625,1415800
2021-06-03,2888.6577317929514,2954.011979118584,2879.943832149534,2949.655029296875,1003000
2021-06-04,2936.584277634827,2940.9412276016437,2906.085627867106,2923.513427734375,1187600
2021-06-07,2901.72900390625,2914.799855275197,2888.658152537303,2901.72900390625,791400
2021-06-08,2901.728403893481,2936.5840003366457,2897.371454338085,2932.22705078125,685200
2021-06-09,2927.870280188331,2958.368928940293,2927.870280188331,2949.655029296875,845600
2021-06-10,2945.298095703125,2962.7258950859837,2932.227246165981,2945.298095703125,744400
2021-06-11,2954.012157557819,2967.0830078125,2936.5843572182453,2967.0830078125,982600
2021-06-14,2984.51123046875,2988.868181170164,2954.01257555885,2984.51123046875,590400
2021-06-15,2997.5818139265334,3058.5791182796897,2993.2248636155937,3054.22216796875,1093000
2021-06-16,3049.8651183477723,3080.36376953125,3045.508168178704,3080.36376953125,863800
2021-06-17,3071.6498233054185,3080.363723513377,3019.3664220576666,3028.080322265625,596200
2021-06-18,3041.1515202626088,3041.1515202626088,2988.868113037463,3001.93896484375,1351800
2021-06-21,2975.797110017283,2975.797110017283,2910.442854306801,2914.7998046875,1394800
2021-06-22,2975.79710236488,2993.224903842859,2945.2984497784173,2980.154052734375,1113400
2021-06-23,2958.3691571891136,2975.796957820566,2945.2983067155237,2954.01220703125,644400
2021-06-24,2945.2985164866727,2971.4402192957264,2932.2276650821464,2962.726318359375,818400
2021-06-25,2975.7973290659215,2993.2251318715785,2971.440378364507,2984.51123046875,743800
2021-06-28,3001.9387541081014,3001.9387541081014,2971.4401020344344,2993.224853515625,456800
2021-06-29,2984.5108581362924,2988.8678082941556,2940.9413565576606,2954.01220703125,790600
2021-06-30,2932.2276741658834,2945.2985256109023,2897.3720703125,2897.3720703125,1016600
2021-07-01,2901.7289368586753,2932.227589348181,2901.7289368586753,2919.15673828125,679200
2021-07-02,2927.870280188331,2949.655029296875,2923.513330366622,2949.655029296875,907200
2021-07-05,2932.227589348181,2945.298440415112,2919.15673828125,2919.15673828125,471200
2021-07-06,2923.513705448898,2927.870655829596,2906.085903926102,2914.7998046875,440200
2021-07-07,2897.372194925944,2927.870849609375,2884.3013429187595,2927.870849609375,949200
2021-07-08,2923.513705448898,2940.941506971693,2914.7998046875,2914.7998046875,815400
2021-07-09,2893.014777966654,2927.870377701192,2884.3008780330197,2923.513427734375,1164600
2021-07-12,2945.2985164866727,2967.0832688275505,2936.584615550322,2962.726318359375,857200
2021-07-13,2984.5109529231486,3001.9387541081014,2980.154002626911,2993.224853515625,609800
2021-07-14,3001.9387971935353,3045.50830078125,2997.581846834764,3045.50830078125,933000
2021-07-15,3041.1516245538983,3054.222476808428,2967.0834617782302,2975.79736328125,1129800
2021-07-16,2962.7263352586524,2980.154137230762,2954.0124342725976,2958.369384765625,1059800
2021-07-19,2949.655191102685,2971.43994140625,2945.298241041972,2971.43994140625,493000
2021-07-20,2962.7261031069625,3023.7234052297526,2962.7261031069625,3019.366455078125,786400
2021-07-21,2984.510903178782,3010.6526045204937,2971.440052507926,3006.295654296875,888200
2021-07-26,3049.86510613952,3054.222056291148,3010.6525547748693,3019.366455078125,685600
2021-07-27,3049.864628962699,3049.864628962699,3006.295134263232,3015.009033203125,555800
2021-07-28,2997.5816879052595,3028.0803387996443,2993.22473777749,3023.723388671875,581000
2021-07-29,3023.7233421348055,3032.4372422562315,2971.43994140625,2971.43994140625,697800
2021-07-30,2967.08305750484,2980.1539079784293,2954.01220703125,2954.01220703125,1083000
2021-08-02,2993.2248964759924,3045.50830078125,2988.867946117221,3045.50830078125,970200
2021-08-03,3019.366631966239,3041.1513840006273,3010.6527311524837,3036.79443359375,607200
2021-08-04,3015.009604996816,3023.7235055892925,2988.867903219387,2993.224853515625,720400
2021-08-05,2988.8678040167297,3019.366455078125,2988.8678040167297,3019.366455078125,462400
2021-08-06,2993.2248036260194,3015.0095547441124,2988.8678534024007,3006.295654296875,506600
2021-08-10,3010.652587890625,3023.7234384892818,2993.2247870924157,3010.652587890625,545400
2021-08-11,3041.151172577563,3045.5081226815423,3015.0094719536874,3028.080322265625,646000
2021-08-12,3041.1514539603727,3062.9362064959055,2849.4456316476844,2893.01513671875,3208000
2021-08-13,2897.3720872258564,2945.298542804029,2884.301235704537,2893.01513671875,1451800
2021-08-16,2897.3714174212832,2901.7283669211647,2875.586669921875,2875.586669921875,919200
2021-08-17,2875.586897811082,2893.014697191755,2866.8729981207453,2879.94384765625,845000
2021-08-18,2923.5137732025373,2940.941575129229,2893.0151198308267,2897.3720703125,947200
2021-08-19,2906.0860962640672,2936.5847509474984,2901.729145595006,2927.870849609375,775800
2021-08-20,2958.369107642713,2971.4399578973935,2954.012157557819,2967.0830078125,803800
2021-08-23,2967.08328575168,2988.868038216817,2954.0124342725976,2958.369384765625,543200
2021-08-24,2940.9413565576606,2967.08305750484,2940.9413565576606,2954.01220703125,538400
2021-08-25,2945.298095703125,2962.7258950859837,2940.9411458574104,2945.298095703125,426800
2021-08-26,2927.870638992538,2940.9414900594684,2919.15673828125,2919.15673828125,624400
2021-08-27,2932.227522400083,2945.298373168583,2923.51362188775,2936.58447265625,593200
2021-08-30,2949.6554669548486,2962.726318359375,2936.584615550322,2962.726318359375,564000
2021-08-31,2958.368945240269,2962.7258950859837,2940.9411458574104,2945.298095703125,896200
2021-09-01,2971.4401020344344,2993.224853515625,2958.36925114572,2993.224853515625,868600
2021-09-02,2988.867903219387,3001.9387541081014,2971.4401020344344,2993.224853515625,868200
2021-09-03,2993.2247541683573,3036.7942556846365,2993.2247541683573,3019.366455078125,811200
2021-09-06,3019.365982673072,3028.0798816129654,3015.009033203125,3015.009033203125,750200
2021-09-07,3032.43746642192,3049.86526795308,3028.0805160391296,3041.1513671875,967000
2021-09-08,3041.1513840006273,3045.508334407505,3006.295780745606,3036.79443359375,1116800
2021-09-09,3041.1517686477596,3084.7212782272404,3032.4378667318633,3062.9365234375,1038000
2021-09-10,3076.0067863518157,3089.07763671875,3058.5789858625703,3089.07763671875,1139200
2021-09-13,3115.219252681863,3180.573502738126,3097.7914526668596,3176.216552734375,1604400
2021-09-14,3167.5029296875,3176.2168304569295,3141.361227379213,3167.5029296875,782000
2021-09-15,3163.1458795190997,3202.358431744543,3154.4319790245568,3193.64453125,973400
2021-09-16,3193.644302470298,3254.6416015625,3193.644302470298,3254.6416015625,1313200
2021-09-17,3254.6419465223307,3254.6419465223307,3193.644640965018,3228.500244140625,1575400
2021-09-21,3215.429282486358,3215.429282486358,3180.5736805081856,3193.64453125,1068600
2021-09-22,3219.786420235673,3219.786420235673,3141.3613112177545,3145.71826171875,986000
2021-09-24,3215.429282486358,3215.429282486358,3171.859780013642,3193.64453125,700800
2021-09-27,3193.644792400423,3211.0725948146132,3180.57394058978,3189.287841796875,585800
2021-09-28,3180.573780841644,3180.573780841644,3150.075128148642,3167.5029296875,790200
2021-09-29,3176.3136311848957,3180.719059244792,3119.04306640625,3171.908203125,1033000
2021-09-30,3193.935678934423,3215.9628215477637,3171.908536321082,3176.31396484375,1110600
2021-10-01,3149.880834000834,3163.0971172204177,3123.448267561666,3136.66455078125,921800
2021-10-04,3163.0973470052086,3193.935343424479,3149.881062825521,3171.908203125,978800
2021-10-05,3171.9083816655125,3189.5300948969875,3136.6649552025624,3180.71923828125,1318400
2021-10-06,3176.3137919386772,3224.7735030500858,3167.5029353729665,3215.962646484375,978000
2021-10-07,3224.7736785931,3229.179107115768,3176.31396484375,3176.31396484375,599800
2021-10-08,3193.935678934423,3198.341107457091,3149.881393707741,3176.31396484375,587000
2021-10-11,3163.097613702671,3185.124755859375,3141.0704715459674,3185.124755859375,431400
2021-10-12,3176.3136965610856,3189.5299810127963,3163.097412109375,3163.097412109375,457000
2021-10-13,3163.097613702671,3189.5301842907156,3158.6921852713303,3185.124755859375,573000
2021-10-14,3185.124292799264,3207.1514317536157,3171.908009426653,3198.340576171875,466800
2021-10-15,3211.557418885523,3251.2062759088008,3207.1519903273806,3237.989990234375,819600
2021-10-18,3220.368044720016,3224.773472961767,3154.28662109375,3154.28662109375,697600
2021-10-19,3154.286822230409,3207.1519645024273,3149.881393707741,3176.31396484375,840400
2021-10-20,3180.7194807049927,3207.1520525668075,3127.854336981364,3132.259765625,903800
2021-10-21,3132.259071933649,3136.664499601629,3097.015650589811,3110.23193359375,986800
2021-10-22,3088.2057435210704,3114.638317645359,3083.800314500356,3097.0166015625,605800
2021-10-25,3088.2052091272867,3092.610637385671,3066.1780678353657,3070.58349609375,585000
2021-10-26,3123.4482165976897,3141.069927269609,3101.4210782577907,3110.23193359375,893800
2021-10-27,3127.8536953015273,3171.9079727001404,3119.0428398218046,3136.66455078125,650000
2021-10-28,3141.0706229122716,3154.2869088431785,3110.2326224068215,3132.259765625,671200
2021-10-29,3136.6651735265996,3171.9086024426288,3092.610887381563,3167.503173828125,750800
2021-11-01,3185.124759850775,3233.58447265625,3176.3139029770523,3233.58447265625,935000
2021-11-02,3198.3410411533973,3202.746469584738,3163.097613702671,3185.124755859375,753800
2021-11-04,3171.9084705653527,3193.9356127220567,3158.6921852713303,3185.124755859375,676800
2021-11-05,3171.908340139271,3202.746337890625,3171.908340139271,3202.746337890625,660000
2021-11-08,3189.5302037805945,3193.935632238855,3149.88134765625,3149.88134765625,966200
2021-11-09,3149.881118091185,3286.44939034409,3136.664833679614,3246.800537109375,2660600
2021-11-10,3171.9083340607544,3264.4223271375263,3119.0431951597416,3154.28662109375,1575400
2021-11-11,3079.39453125,3097.0162453057937,3052.961960166309,3079.39453125,1954800
2021-11-12,3092.610887381563,3176.314031057132,3088.205458767059,3167.503173828125,1267200
2021-11-15,3158.692001127861,3158.692001127861,3110.232291208187,3127.85400390625,1223600
2021-11-16,3114.637959361588,3123.448816389485,3074.9891027360513,3079.39453125,1279400
2021-11-17,3114.6378453096895,3123.4487020149504,3052.961848372864,3061.772705078125,994600
2021-11-18,3070.5834066456764,3088.205119165881,3048.5562659954203,3066.177978515625,843800
2021-11-19,3092.6106612723215,3101.4215178571426,3070.5835198102677,3083.7998046875,726200
2021-11-22,3061.7731693967817,3110.2328886246446,3052.962311355352,3097.0166015625,1029000
2021-11-24,3097.0159754259835,3123.4485442062905,3061.772550385574,3066.177978515625,978800
2021-11-25,3070.5835198102677,3101.4215178571426,3070.5835198102677,3083.7998046875,551800
2021-11-26,3083.7999565656796,3083.7999565656796,3026.529385943745,3030.934814453125,1086800
2021-11-29,3017.7184166266907,3035.3401300084524,3008.90755993581,3013.31298828125,1119600
2021-11-30,2995.691130583709,3026.529127516188,2934.01513671875,2934.01513671875,2473800
2021-12-01,2920.798828125,2978.069393382353,2920.798828125,2920.798828125,1540000
2021-12-02,2916.3934481268684,2973.6640143287555,2916.3934481268684,2947.2314453125,1076600
2021-12-03,2942.8255815972225,2982.4744292534724,2925.2038715277777,2973.66357421875,901200
2021-12-06,2986.8803057502296,3008.907446648093,2986.8803057502296,2995.691162109375,604400
2021-12-07,3022.124046115294,3048.556617947206,2995.691474283382,3035.34033203125,1411200
2021-12-08,3061.772501627604,3070.583357747396,3022.1236490885417,3039.745361328125,939000
2021-12-09,3061.772705078125,3074.988990136016,3048.556420020234,3061.772705078125,836800
2021-12-10,3070.5830462681765,3070.5830462681765,3044.150480590115,3048.555908203125,937800
2021-12-13,3074.988990136016,3074.988990136016,3057.3672767254943,3061.772705078125,695600
2021-12-14,3079.394352610518,3097.016065644055,3052.9617830602133,3070.58349609375,878800
2021-12-15,3070.5833658389797,3097.01593426801,3066.1779377674748,3088.205078125,931400
2021-12-16,3105.826928090241,3123.44864115742,3083.7997867562676,3119.043212890625,668200
2021-12-17,3127.8538739714636,3154.2864419205184,3127.8538739714636,3145.4755859375,1087800
2021-12-20,3127.8542015769262,3136.665058482777,3088.2053455005994,3101.421630859375,737400
2021-12-21,3123.448486328125,3141.0701985217956,3105.8267741344544,3123.448486328125,846400
2021-12-22,3105.8274596039296,3105.8274596039296,3083.800314500356,3097.0166015625,651400
2021-12-23,3097.015779413729,3132.2592022235576,3083.799495860043,3092.6103515625,477600
2021-12-24,3110.2322351585044,3110.2322351585044,3048.5562418267496,3052.961669921875,553000
2021-12-27,3030.9344720784025,3035.339900090144,2978.0693359375,2978.0693359375,775800
2021-12-28,2995.691298216885,3030.9347252547304,2991.285869837154,3026.529296875,602400
2021-12-29,3039.7450529771045,3052.9613358161355,3030.934197751084,3048.555908203125,565400
2021-12-30,3044.1509205453945,3052.961777044802,3022.123779296875,3022.123779296875,642800
2022-01-04,3057.3673463301225,3101.421630859375,3052.9619178771973,3101.421630859375,998000
2022-01-05,3114.637919990166,3163.0976330310314,3110.232491531906,3149.88134765625,977200
2022-01-06,3145.475626570213,3163.0973387638837,3114.6376302312897,3123.448486328125,824400
2022-01-07,3127.8539143765424,3158.6919107154663,3114.6376302312897,3123.448486328125,700800
2022-01-11,3145.4760515559074,3154.2869088431785,3110.2326224068215,3132.259765625,797200
2022-01-12,3110.232202182872,3132.2593424249603,3088.2050619407837,3123.448486328125,859400
2022-01-13,3114.638005596188,3114.638005596188,3088.205434120124,3105.8271484375,602200
2022-01-14,3114.638005596188,3127.85429133422,3088.205434120124,3105.8271484375,1108200
2022-01-17,3105.826928090241,3127.8540694242142,3097.0160715566517,3119.043212890625,505000
2022-01-18,3141.070415425472,3141.070415425472,3061.772705078125,3061.772705078125,791400
2022-01-19,3022.123934335082,3052.9619336650317,3008.9076489079607,3017.718505859375,988000
2022-01-20,3035.339981605267,3092.610547295932,3026.5291253451646,3066.177978515625,1171400
2022-01-21,3061.7731693967817,3097.0166015625,3044.1514533139225,3097.0166015625,717600
2022-01-24,3101.4214586255257,3145.4757407082748,3083.799745792426,3141.0703125,914000
2022-01-25,3141.070452772315,3220.3681640625,3132.259595962295,3220.3681640625,1723600
2022-01-26,3163.0974535413743,3202.7463074158486,3141.0703125,3141.0703125,1072200
2022-01-27,3136.6647704733778,3145.475626570213,3097.015918037619,3123.448486328125,1290600
2022-01-28,3145.4756347656253,3189.5299153645833,3136.6647786458334,3171.908203125,779200
2022-01-31,3141.070336368497,3167.502905819003,3123.448623401493,3154.28662109375,754000
2022-02-01,3132.25945608345,3154.2865971248248,3119.0431714586252,3141.0703125,775000
2022-02-02,3123.4485996669005,3158.6920253330995,3123.4485996669005,3141.0703125,846600
2022-02-03,3167.503173828125,3176.314031057132,3145.476030755606,3167.503173828125,783800
2022-02-04,3180.719459671636,3202.746602744154,3154.286887984614,3167.503173828125,1005800
2022-02-07,3145.4758118183,3198.340951512725,3141.070383510431,3180.71923828125,837800
2022-02-08,3198.340909640431,3211.557194391012,3185.124624889851,3202.746337890625,860600
2022-02-09,3202.74655058622,3202.74655058622,3030.934837418596,3044.151123046875,2594000
2022-02-10,3030.934814453125,3039.745671471884,2973.664243831191,3030.934814453125,2648800
2022-02-14,3026.5294088758365,3052.9619801323943,3008.9076947047984,3044.151123046875,1293200
2022-02-15,3057.367205294506,3066.178061793914,3017.718351047171,3022.123779296875,1050200
2022-02-16,3008.9074770353027,3066.1780439481267,3008.9074770353027,3057.3671875,875200
2022-02-17,3061.7727000810946,3079.3944134628564,3004.502131590369,3013.31298828125,929800
2022-02-18,3008.9074770353027,3057.3671875,3008.9074770353027,3057.3671875,760000
2022-02-21,3044.1510103939227,3057.367295533115,3013.313011735808,3026.529296875,778200
2022-02-22,2995.691298216885,3035.3401536344613,2978.069584697962,3026.529296875,774800
2022-02-24,3004.5016320730224,3057.366763429146,3000.096204460012,3048.555908203125,1083200
2022-02-25,3004.501566840278,3022.1232769097223,2964.852719184028,2973.66357421875,1154000
2022-02-28,2995.691409076519,3044.151123046875,2986.880551991,3044.151123046875,1077400
2022-03-01,3066.1781284265353,3079.3944134628564,3004.502131590369,3013.31298828125,1411600
2022-03-02,2947.2314453125,2973.6640143287555,2942.826017143124,2947.2314453125,1394600
2022-03-03,2956.0423911934467,2986.880389313199,2947.2315345878033,2951.636962890625,886400
2022-03-04,2960.4478618421053,2973.6641469396145,2929.60986328125,2929.60986328125,1100600
2022-03-07,2911.987842748548,2951.6366938601013,2911.987842748548,2938.42041015625,1052800
2022-03-08,2938.4205648519614,2978.0694180508635,2929.609708585539,2934.01513671875,1419600
2022-03-09,2916.3934892401635,2947.231486860528,2916.3934892401635,2925.204345703125,1118800
2022-03-10,2942.8259360042343,2995.6910725791604,2938.4205079563235,2991.28564453125,1083000
2022-03-11,2991.28564453125,3004.5019286749816,2964.8530762437867,2991.28564453125,1196800
2022-03-14,2951.6366434025153,2960.447499054463,2911.98779296875,2911.98779296875,1328800
2022-03-15,2947.231072753181,2978.069066040583,2938.4202175282085,2964.852783203125,976000
2022-03-16,2964.8531168136824,2991.2856854628385,2960.4476887054893,2969.258544921875,971600
2022-03-17,2986.8802573546454,2986.8802573546454,2947.2314043809115,2969.258544921875,937200
2022-03-18,2978.069001736111,3004.501566840278,2964.852719184028,2973.66357421875,1530000
2022-03-22,3000.096674221665,3017.718387432953,2942.8261062849815,2951.636962890625,1239200
2022-03-23,2960.447583975771,3004.50186349922,2951.6367280710815,3000.096435546875,960200
2022-03-24,2991.2852842881944,2995.6907118055556,2956.0418641493056,2973.66357421875,1005800
2022-03-25,2973.6639972275434,2986.880281659666,2969.2585690835026,2982.474853515625,815000
2022-03-28,2991.285846554048,3026.5292733175716,2986.880418208608,3013.31298828125,738600
2022-03-29,3008.907381208761,3008.907381208761,2982.4748127061953,3004.501953125,960400
2022-03-30,3008.966498804804,3008.966498804804,2968.7874209275883,2991.109130859375,1129800
2022-03-31,2973.251148679794,2986.6441718720453,2937.5364201671237,2950.929443359375,1479200
2022-04-01,2928.6081817534196,2942.0012069748527,2906.2864730510305,2937.536865234375,1057000
2022-04-04,2959.858642578125,2964.322984422134,2919.679565982042,2959.858642578125,836400
2022-04-05,2946.4658203125,2964.3231889204544,2928.608451704545,2946.4658203125,1056400
2022-04-06,2937.5366974349363,2950.9297218913266,2883.964599609375,2883.964599609375,1286200
2022-04-07,2879.50059595736,2924.1440160497223,2870.571911938888,2915.21533203125,1356800
2022-04-08,2946.4654653350267,2946.4654653350267,2897.3577075794433,2910.750732421875,1369800
2022-04-11,2919.679674040486,2933.072700068195,2901.822306003541,2915.21533203125,856400
2022-04-12,2919.6793456276564,2924.1436871347323,2879.500272063973,2888.428955078125,836000
2022-04-13,2892.8932825803017,2897.3576240657653,2875.0359166384483,2883.964599609375,713800
2022-04-14,2875.0362005248458,2910.7509359350925,2875.0362005248458,2897.35791015625,598600
2022-04-15,2883.96477519257,2892.893458707098,2857.1787246489857,2861.64306640625,745400
2022-04-18,2834.8568214526017,2839.321162903708,2785.749065490431,2799.14208984375,1046800
2022-04-19,2821.4638671875,2848.249916559533,2812.535184063489,2821.4638671875,861400
2022-04-20,2825.9283051826583,2852.71435546875,2816.999621753961,2852.71435546875,978000
2022-04-21,2861.6430388974472,2870.5717223261445,2830.392646897007,2852.71435546875,1313800
2022-04-22,2830.3926741054015,2870.571749920778,2812.535307076346,2861.64306640625,887400
2022-04-25,2843.7856720400528,2861.6430388974472,2830.392646897007,2852.71435546875,815000
2022-04-26,2861.642864345764,2901.8219373240977,2848.2498400196528,2875.035888671875,1099800
2022-04-27,2843.78558899215,2866.107296912026,2808.0708563203493,2825.92822265625,3162800
2022-04-28,2839.32119850029,2901.8219795993527,2834.856856993214,2888.428955078125,1158600
2022-05-02,2857.1788859111793,2924.1440160497223,2857.1788859111793,2915.21533203125,1047000
2022-05-06,2942.0012069748527,2946.4655487153304,2915.215156531986,2937.536865234375,1243600
2022-05-09,2919.6792745144567,2924.143615912797,2866.107177734375,2866.107177734375,921600
2022-05-10,2901.822090440124,2955.3941905713264,2875.036040374523,2924.143798828125,1438400
2022-05-11,2924.143840012942,2955.394232196286,2901.822131310553,2937.536865234375,1174600
2022-05-12,2950.930149107312,2950.930149107312,2888.4293592623767,2942.00146484375,2035400
2022-05-13,2937.5369603207237,2982.180379170583,2883.964857700893,2968.787353515625,1983000
2022-05-16,2964.3224665516263,2977.7154897438777,2937.5364201671237,2950.929443359375,1796400
2022-05-17,2973.2518732244316,3008.966610440341,2946.4658203125,2946.4658203125,1068800
2022-05-18,2942.001123720883,2946.4654653350267,2892.893365965299,2910.750732421875,1504200
2022-05-19,2910.751069921282,2950.930149107312,2888.4293592623767,2942.00146484375,1207600
2022-05-20,2933.072412484976,2942.001095628005,2892.893338341346,2901.822021484375,1110400
2022-05-23,2937.536347924209,2964.322393649962,2919.678984107041,2928.607666015625,924200
2022-05-24,2928.6083036402156,2937.536987492778,2888.429226303688,2897.35791015625,798600
2022-05-25,2897.3576799128605,2910.7507046274036,2883.964655198318,2901.822021484375,776800
2022-05-26,2883.964557463793,2915.214947405351,2870.571533203125,2870.571533203125,645600
2022-05-27,2870.571900184222,2870.571900184222,2816.999796292759,2830.392822265625,1092000
2022-05-30,2839.321652434593,2892.893759084302,2834.857310213784,2879.500732421875,2005600
2022-05-31,2870.571900184222,2879.5005841661327,2821.4641382837144,2830.392822265625,4007800
2022-06-01,2843.7854846817895,2875.035874623348,2834.8568018413443,2870.571533203125,894400
2022-06-02,2852.7145322204015,2861.6432162023116,2830.392822265625,2830.392822265625,518000
2022-06-03,2830.392362390674,2852.714068718676,2830.392362390674,2839.321044921875,755200
2022-06-06,2825.92822265625,2839.321247408175,2816.999539488299,2825.92822265625,729400
2022-06-07,2825.9282087495058,2852.714258121539,2808.0708425014836,2821.4638671875,999600
2022-06-08,2825.92822265625,2843.78558899215,2821.463881072275,2825.92822265625,867600
2022-06-09,2834.8570962247863,2843.7857799924236,2808.071044921875,2808.071044921875,962400
2022-06-10,2799.1422791213135,2808.0709626272824,2776.820570356391,2781.284912109375,1156800
2022-06-13,2781.2847931294505,2834.856891873517,2781.2847931294505,2821.4638671875,955800
2022-06-14,2785.7492538623596,2808.0709626272824,2772.356228603406,2781.284912109375,891600
2022-06-15,2781.285129516405,2799.142497924215,2772.3564453125,2772.3564453125,902400
2022-06-16,2767.8916858027155,2799.1420758037143,2758.9630029452874,2794.677734375,1029400
2022-06-17,2790.2138880056928,2883.965074642684,2776.8208613432653,2879.500732421875,3054000
2022-06-20,2901.8221143265846,2901.8221143265846,2839.321330325704,2852.71435546875,830600
2022-06-21,2861.6430388974472,2883.96474746919,2839.321330325704,2852.71435546875,900200
2022-06-22,2861.6431747460033,2910.7509359350925,2848.250148967161,2897.35791015625,1129200
2022-06-23,2888.4288521451676,2942.0009483209665,2888.4288521451676,2933.072265625,1001000
2022-06-24,2933.07207910304,2955.393784423459,2915.2147148467047,2950.929443359375,1012000
2022-06-27,2950.930149107312,2964.323175502655,2919.679754184845,2942.00146484375,692600
2022-06-28,2950.9297571497277,2973.25146484375,2933.07239099451,2973.25146484375,745600
2022-06-29,2968.7871510397176,3008.966225264315,2946.465443137163,2982.18017578125,2189200
2022-06-30,2991.1088309989677,3008.9661971541855,2964.322781766141,2973.25146484375,1201000
2022-07-01,2991.1088309989677,3013.43053869299,2964.322781766141,2973.25146484375,774200
2022-07-04,3017.8948867530153,3058.073960689076,3000.0375205592104,3053.609619140625,1149600
2022-07-05,3058.074164257526,3067.0028479487887,3040.216796875,3040.216796875,676200
2022-07-06,3040.2169178838317,3089.3246801403984,3035.752575860507,3080.39599609375,1451400
2022-07-07,3125.039213585619,3174.14697265625,3107.181846650844,3174.14697265625,1769400
2022-07-08,3151.8251256575427,3156.2894671953013,3093.7886856666814,3129.50341796875,1517000
2022-07-11,3089.324173103311,3156.289292462486,3084.859831812699,3151.824951171875,1239600
2022-07-12,3165.21797504371,3165.21797504371,3129.5032447188164,3151.824951171875,772400
2022-07-13,3142.896660407725,3147.361002254895,3111.646267477535,3120.574951171875,875800
2022-07-14,3102.717418420783,3107.1817600300215,3053.6096607191594,3067.002685546875,1449800
2022-07-15,3071.46718979442,3080.395873485683,2982.1803528817914,3040.216796875,1564200
2022-07-19,3026.823661543462,3035.752344910847,2968.787219655461,3004.501953125,935800
2022-07-20,3008.966064453125,3022.3590884788805,2991.1086990854506,3008.966064453125,1035000
2022-07-21,2995.573405186219,3053.6098496980235,2991.1090633006957,3049.1455078125,971800
2022-07-22,3067.002685546875,3080.39571037459,3053.6096607191594,3067.002685546875,839800
2022-07-25,3111.646093195135,3183.075558749112,3107.1817515980115,3142.896484375,2162800
2022-07-26,3160.753752129662,3174.1467765030934,3098.2529717203192,3111.64599609375,1204200
2022-07-27,3125.0390764309914,3147.3607841197845,3116.1103933554746,3129.50341796875,979200
2022-07-28,3129.5033619249907,3142.8963862984215,3102.717313178129,3111.64599609375,1035800
2022-07-29,3107.181626573741,3120.574650826214,3089.324260903777,3102.71728515625,956400
2022-08-01,3080.395874547344,3125.039293019045,3071.467190853004,3120.574951171875,785800
2022-08-02,3116.110965988979,3116.110965988979,3044.681488258572,3075.931884765625,867400
2022-08-03,3093.7888851390167,3093.7888851390167,3026.8237577550553,3035.75244140625,819200
2022-08-04,3075.9313917543777,3080.395733396982,2986.6445589022915,2995.5732421875,1171600
2022-08-05,2995.573310806906,3031.288044765856,2995.573310806906,3017.89501953125,765200
2022-08-08,3017.89501953125,3026.823703020987,3004.5019942966437,3017.89501953125,726200
2022-08-09,3031.287771162718,3044.6807951884734,2924.1435789566717,3008.966064453125,2201400
2022-08-10,3017.895181345385,3084.860311108966,2986.644787455714,3071.46728515625,1797200
2022-08-12,3080.395682453239,3102.717390297103,3040.2166083342836,3058.073974609375,1444400
2022-08-15,3035.7522667655107,3062.538316178148,3013.430558921647,3058.073974609375,1268000
2022-08-16,3084.859792103225,3084.859792103225,3040.216379771775,3062.5380859375,646000
2022-08-17,3071.466999315693,3071.466999315693,3044.6809499030564,3058.073974609375,779000
2022-08-18,3089.3245571769457,3089.3245571769457,3040.216796875,3040.216796875,726800
2022-08-19,3026.8237167651405,3040.2167420605615,3008.966349704579,3022.359375,573200
2022-08-22,3022.359402326491,3035.7524277430043,2986.644667882456,3031.2880859375,832200
2022-08-23,3040.216714409722,3040.216714409722,3008.966322337963,3013.4306640625,875000
2022-08-24,2991.1088589422716,3004.5018836838044,2973.2514926202284,2982.18017578125,919600
2022-08-25,2986.644258559197,2991.108599752858,2968.7868937845533,2977.715576171875,678200
2022-08-26,2986.6446936421803,2991.1090354861894,2959.858642578125,2959.858642578125,776200
2022-08-29,2946.465102295291,2968.78680761571,2928.607738038956,2950.929443359375,911800
2022-08-30,2959.8586561823463,2973.251681775932,2950.92997245329,2964.322998046875,461600
2022-08-31,2946.465617046097,2964.322984422134,2933.0725915140692,2959.858642578125,2125600
2022-09-01,2946.465102295291,2959.8581254875426,2933.07207910304,2950.929443359375,843800
2022-09-02,2959.858628932803,2968.787312579659,2942.001261639091,2955.394287109375,692200
2022-09-05,2933.072265625,2950.929631016933,2928.6079242770165,2933.072265625,632400
2022-09-06,2933.072440492595,2950.929806949171,2901.822049193587,2910.750732421875,1128400
2022-09-07,2897.357247105573,2919.678951628729,2839.320815345369,2843.78515625,1185800
2022-09-08,2861.6426783432194,2910.750431013696,2861.6426783432194,2892.89306640625,974400
2022-09-09,2870.5715890498213,2897.357638092277,2870.5715890498213,2888.428955078125,1016200
2022-09-12,2901.822306003541,2924.1440160497223,2888.4292799758327,2915.21533203125,641400
2022-09-13,2888.4289410948386,2915.2149900076192,2866.1072336675215,2883.964599609375,1636600
2022-09-14,2857.178599683544,2857.178599683544,2812.535184063489,2821.4638671875,1747400
2022-09-15,2821.4638671875,2834.856891873517,2812.535184063489,2821.4638671875,761600
2022-09-16,2821.4637079986287,2857.178438479624,2821.4637079986287,2848.249755859375,880800
2022-09-20,2848.2498400196528,2875.035888671875,2843.7854985776157,2875.035888671875,828000
2022-09-21,2843.78558899215,2852.714272160101,2825.92822265625,2825.92822265625,906000
2022-09-22,2848.2499305761253,2848.2499305761253,2825.92822265625,2825.92822265625,750600
2022-09-26,2812.535184063489,2843.785574997528,2803.606500939478,2821.4638671875,965800
2022-09-27,2825.9283323481377,2870.571749920778,2821.4639905908734,2861.64306640625,1232800
2022-09-28,2825.928560256958,2861.6432971954346,2825.928560256958,2857.178955078125,1540600
2022-09-29,2841.3432731449884,2904.6853206354817,2827.769977254168,2900.160888671875,1117800
2022-09-30,2927.3071987691974,2927.3071987691974,2900.1606095997763,2909.20947265625,1298600
2022-10-03,2891.1117115534616,2895.636143026941,2845.867396818666,2854.916259765625,994800
2022-10-04,2886.5872461239373,2931.831560326507,2882.0628147036805,2927.30712890625,968400
2022-10-05,2918.2583357127237,2931.831630297434,2900.1606095997763,2909.20947265625,750600
2022-10-06,2927.3075349144056,2927.3075349144056,2886.587646484375,2886.587646484375,787200
2022-10-07,2845.867396818666,2859.4406912391046,2836.8185338717067,2854.916259765625,829000
2022-10-11,2845.86767578125,2863.9654034491755,2836.8188119472875,2845.86767578125,915600
2022-10-12,2859.4406047317216,2891.1116240879273,2845.8673107219192,2877.538330078125,888200
2022-10-13,2859.4406912391046,2868.4895541860637,2841.3429653451863,2854.916259765625,809600
2022-10-14,2850.39174205852,2891.1116240879273,2850.39174205852,2877.538330078125,1020000
2022-10-17,2882.0628310577777,2882.0628310577777,2850.391810936264,2859.440673828125,942600
2022-10-18,2859.441007525917,2863.9654394998506,2836.81884765625,2836.81884765625,1319000
2022-10-19,2850.391880691431,2863.9651753613903,2836.8185860214717,2841.343017578125,858400
2022-10-20,2836.819128515625,2845.867993359375,2827.770263671875,2827.770263671875,1017000
2022-10-21,2823.2454500706785,2836.818745503711,2791.574427393604,2800.623291015625,1050600
2022-10-24,2805.147441631487,2809.671872988957,2737.2809712694348,2746.329833984375,1247600
2022-10-25,2759.9035106864294,2782.5256706100886,2732.756918778038,2773.476806640625,1223600
2022-10-26,2782.52559915354,2809.6721903647945,2778.001167284998,2791.574462890625,757600
2022-10-27,2791.574534579552,2809.67226251848,2764.4279426711614,2773.476806640625,776200
2022-10-28,2759.903600592362,2773.476896988718,2746.330304196006,2750.854736328125,1253400
2022-10-31,2773.476580052594,2787.0498748978757,2759.903285207312,2768.9521484375,791200
2022-11-01,2782.5256526586677,2800.6233804808376,2768.95235679204,2778.001220703125,680400
2022-11-02,2768.95235679204,2787.05008461421,2764.427924836498,2778.001220703125,815600
2022-11-04,2759.9033027311784,2787.049892594108,2750.854439443535,2764.427734375,991800
2022-11-07,2778.0011495942053,2805.1477406325853,2773.476717754475,2796.098876953125,1237400
2022-11-08,2809.6725339843747,2845.867993359375,2782.525939453125,2827.770263671875,2073400
2022-11-09,2805.147496476958,2859.440673828125,2791.574202139166,2859.440673828125,1679000
2022-11-10,2863.9655138221156,2954.4541556490385,2850.392217548077,2940.880859375,2219200
2022-11-11,2986.1250045351203,2986.1250045351203,2913.7340953342687,2922.782958984375,1884200
2022-11-14,2904.6852316841623,2945.405118109641,2882.063072558896,2922.782958984375,1329600
2022-11-15,2936.356326284438,2949.929622091608,2886.5875749914817,2904.685302734375,829600
2022-11-16,2895.63655624037,2949.9297416698764,2882.063259882993,2936.3564453125,969400
2022-11-17,2949.9295454545454,2990.6494318181817,2936.3562500000003,2986.125,1113200
2022-11-18,2995.174054222049,3008.7473505402763,2981.6007579038223,2999.698486328125,742800
2022-11-21,3008.747017683383,3026.844744105539,3004.2225860778444,3022.3203125,827000
2022-11-22,3044.9426397651696,3108.284685763256,3044.9426397651696,3103.76025390625,1309600
2022-11-24,3108.284685763256,3112.8091176202624,3081.138094621219,3103.76025390625,964800
2022-11-25,3112.8088902828467,3112.8088902828467,3090.186732649977,3099.235595703125,706400
2022-11-28,3076.613507823972,3090.186802711431,3058.5157813073606,3081.137939453125,824400
2022-11-29,3085.662549628586,3090.1869815195373,3035.893798828125,3035.893798828125,829600
2022-11-30,3013.271590909091,3044.9426136363636,2981.6005681818183,2986.125,1748000
2022-12-01,2986.125035619301,3004.222763107903,2972.55174000285,2977.076171875,1022000
2022-12-02,2972.551444233997,2999.698032765814,2940.88042428021,2990.649169921875,1235000
2022-12-05,3004.2229365322887,3004.2229365322887,2963.5030473323027,2995.174072265625,919600
2022-12-06,2999.698450349507,3026.8450426603617,2995.1740182976973,3008.747314453125,903400
2022-12-07,2990.6495862458883,3022.3206106085527,2981.6007221422697,3008.747314453125,994000
2022-12-08,3017.796142578125,3040.4183025674665,3008.7472785823884,3017.796142578125,1015800
2022-12-09,3013.271586522858,3058.5159046388167,3013.271586522858,3049.467041015625,832000
2022-12-12,3049.467058791094,3058.515922467032,3031.369331439218,3044.942626953125,559600
2022-12-13,3044.942662610027,3067.564822064782,3035.893798828125,3035.893798828125,675200
2022-12-14,3035.8937103452063,3067.5647326587923,3026.8448468270385,3058.515869140625,661200
2022-12-15,3053.991562368624,3067.564858201373,3026.844970703125,3026.844970703125,710000
2022-12-16,3017.796214752427,3026.8450789645785,2995.174054222049,2999.698486328125,1105600
2022-12-19,2995.1737577421172,3026.844779349662,2995.1737577421172,3013.271484375,676400
2022-12-20,3026.844779349662,3035.8936426661035,2968.0271677927926,3013.271484375,976800
2022-12-21,3022.3203282741374,3090.186802711431,3022.3203282741374,3081.137939453125,1855000
2022-12-22,3081.1384644094023,3090.18732920943,3049.4674376093058,3072.089599609375,1058800
2022-12-23,3072.0890761948194,3099.2356659697366,3067.564644565666,3081.137939453125,813800
2022-12-26,3090.18701171875,3099.235875589083,3067.564852042917,3090.18701171875,491000
2022-12-27,3099.2361021878423,3112.8093989857457,3090.187237655907,3094.711669921875,474800
2022-12-28,3090.187147431173,3117.333740234375,3081.1382831634387,3117.333740234375,581800
2022-12-29,3103.7600799292063,3112.808943135997,3072.089058705439,3085.662353515625,457400
2022-12-30,3072.0892000736044,3085.662495508392,3044.942609204029,3049.467041015625,747000
2023-01-04,3035.8936426661035,3035.8936426661035,2990.649326083896,3013.271484375,948000
2023-01-05,2986.1249294051204,3004.22265625,2968.0272025602408,3004.22265625,913400
2023-01-06,3013.271590909091,3017.796022727273,2977.0761363636366,2986.125,849800
2023-01-10,2958.9785877403847,2981.6007481971155,2922.7831310096153,2940.880859375,1241000
2023-01-11,2981.6003059493337,2999.698031630361,2922.782697485993,2927.30712890625,965600
2023-01-12,2918.2582660657363,2927.30712890625,2891.111677544194,2927.30712890625,941400
2023-01-13,2913.7341666058214,2931.8318943487147,2900.1608707986516,2904.685302734375,732600
2023-01-16,2900.160899870986,2990.649539492546,2900.160899870986,2958.978515625,1002600
2023-01-17,2954.454030215468,2986.125053510274,2949.92959831621,2972.5517578125,873600
2023-01-18,2981.6006037471507,3022.320490596505,2968.027308130699,2977.076171875,1016800
2023-01-19,2968.027308130699,2990.6494674914516,2968.027308130699,2977.076171875,725000
2023-01-20,2972.5518936916715,3022.320646858503,2958.9785973734447,2999.698486328125,695800
2023-01-23,3008.7473686656203,3026.8450971989473,2995.174072265625,2995.174072265625,478400
2023-01-24,2995.1737577421172,3022.3203476914414,2981.6004627674547,3013.271484375,665600
2023-01-25,3017.7960890129434,3044.942680518307,3017.7960890129434,3031.369384765625,557000
2023-01-26,3040.4181099397592,3044.942541650979,2995.17379282756,3004.22265625,563000
2023-01-27,2995.1736013438444,2999.698032765814,2977.0758756559662,2990.649169921875,594400
2023-01-30,2981.6003070779357,2995.1736013438444,2972.551444233997,2990.649169921875,837000
2023-01-31,2990.6494975075793,3035.893816683186,2990.6494975075793,3031.369384765625,894400
2023-02-01,3040.4181597222223,3067.5647504340277,3031.3692961516203,3053.991455078125,979400
2023-02-02,3044.942626953125,3053.9914906290633,3031.369331439218,3044.942626953125,894800
2023-02-03,3026.8448148060993,3040.4181099397592,2995.17379282756,3004.22265625,763600
2023-02-06,3044.942591507523,3053.991455078125,3008.7471372251157,3053.991455078125,876000
2023-02-07,3053.9914906290633,3063.040354305001,3035.893763277187,3044.942626953125,716800
2023-02-08,3044.943005209292,3081.1384644094023,3044.943005209292,3072.089599609375,796000
2023-02-09,3067.5649767671416,3081.1382731245185,2918.2587168359973,2936.3564453125,2290600
2023-02-10,2904.685196487992,2936.3562188796054,2895.6363329475307,2931.831787109375,2136200
2023-02-13,2940.880686284588,2949.9295499346945,2900.160799859109,2922.782958984375,1033400
2023-02-14,2949.9291820204826,2972.551338324321,2940.8803194989473,2954.45361328125,1011600
2023-02-15,2940.880686284588,2954.4539817597474,2913.7340953342687,2922.782958984375,813800
2023-02-16,2913.734184562695,2927.307480453515,2895.6364567082683,2900.160888671875,732200
2023-02-17,2895.636474609375,2909.2097705841065,2882.0631786346435,2895.636474609375,913000
2023-02-20,2909.209734670098,2913.7341666058214,2882.0631430557582,2904.685302734375,752800
2023-02-21,2891.1121510406397,2900.161015363146,2863.9655580731223,2868.489990234375,967600
2023-02-22,2859.4406912391046,2868.4895541860637,2841.3429653451863,2854.916259765625,902600
2023-02-24,2850.392261589363,2873.014422395628,2836.8189651056045,2868.489990234375,827400
2023-02-27,2873.014404296875,2877.538836429626,2845.867811500369,2873.014404296875,507400
2023-02-28,2863.9652463472808,2873.0141096848706,2818.7209296593296,2823.245361328125,1567400
2023-03-01,2818.721036151775,2827.769899831235,2796.098876953125,2796.098876953125,1202600
2023-03-02,2805.14794921875,2818.721245747228,2800.6235170425907,2805.14794921875,969400
2023-03-03,2814.1965155685693,2823.24537896268,2787.049925386236,2818.720947265625,1090200
2023-03-06,2809.6720663217397,2836.8186563345103,2809.6720663217397,2823.245361328125,716400
2023-03-07,2805.1477406325853,2823.245467991505,2796.098876953125,2796.098876953125,1381200
2023-03-08,2809.672202845982,2859.440953621032,2800.6233390687003,2850.39208984375,1729000
2023-03-09,2882.0631786346435,2913.734202575684,2868.4898826599124,2895.636474609375,1501000
2023-03-10,2895.6365105799373,2904.6853746754996,2877.5387823888127,2886.587646484375,1238800
2023-03-13,2882.063268562377,2882.063268562377,2854.916675765871,2873.014404296875,981000
2023-03-14,2873.014440551565,2891.112169310945,2859.44114398203,2863.965576171875,1199600
2023-03-15,2868.4899721641236,2891.1121328278787,2863.9655400313727,2873.014404296875,781800
2023-03-16,2868.4896582184074,2895.6362480438183,2859.4407949432707,2891.11181640625,1086800
2023-03-17,2891.1121328278787,2904.685429226132,2868.4899721641236,2873.014404296875,1366800
2023-03-20,2882.063286718134,2895.636583201893,2868.489990234375,2868.489990234375,801800
2023-03-22,2882.0631786346435,2900.1609066009523,2868.4898826599124,2895.636474609375,996600
2023-03-23,2900.1609066009523,2909.2097705841065,2891.112042617798,2895.636474609375,771200
2023-03-24,2895.636474609375,2913.734202575684,2891.112042617798,2895.636474609375,938200
2023-03-27,2913.734184562695,2927.307480453515,2900.160888671875,2900.160888671875,844600
2023-03-28,2909.20947265625,2918.2583357127237,2891.111746543303,2909.20947265625,583000
2023-03-29,2913.733834645479,2931.831560326507,2900.1605403847084,2927.30712890625,1113000
2023-03-30,2938.7869543650795,2938.7869543650795,2888.27655358693,2892.868408203125,610700
2023-03-31,2897.4599609375,2925.011085764164,2892.8681067997227,2897.4599609375,1261500
2023-04-03,2902.0517731672567,2929.6028975960594,2902.0517731672567,2920.419189453125,617300
2023-04-04,2925.011301803589,2947.9705741882326,2915.827592849731,2938.786865234375,866400
2023-04-05,2943.378502315273,2947.9703564530505,2897.4599609375,2897.4599609375,976400
2023-04-06,2883.68431588826,2947.9702719749416,2883.68431588826,2943.37841796875,1095900
2023-04-07,2943.378502315273,2943.378502315273,2897.4599609375,2897.4599609375,522100
2023-04-10,2906.6439852067724,2929.6032583916603,2902.052130569795,2911.23583984375,504200
2023-04-11,2915.8276944807276,2943.3788223025927,2902.052130569795,2911.23583984375,822800
2023-04-12,2929.6033166098937,2938.787026066351,2902.0521882405214,2906.64404296875,674800
2023-04-13,2906.64404296875,2915.8277524252076,2902.0521882405214,2906.64404296875,733200
2023-04-14,2920.419376103807,2929.603084833693,2906.6438130089778,2925.01123046875,804300
2023-04-17,2920.419562169377,2938.786980799373,2911.235852854379,2929.603271484375,496700
2023-04-18,2943.378619025735,2966.337890625,2938.7867647058824,2966.337890625,641900
2023-04-19,2961.7460505558893,2984.705322265625,2952.562341871995,2984.705322265625,711700
2023-04-20,2984.7054375542534,2984.7054375542534,2961.7461649576826,2975.521728515625,661500
2023-04-21,2984.705322265625,2993.889030949519,2980.113467923678,2984.705322265625,540500
2023-04-24,2993.8890886821073,2993.8890886821073,2975.5216709601314,2980.113525390625,493700
2023-04-25,2980.1137818691377,3003.0730559975595,2980.1137818691377,2998.481201171875,777600
2023-04-26,3007.66455078125,3030.6238221612593,2998.4808422292463,3007.66455078125,956400
2023-04-27,2989.297176607572,2998.480885291466,2961.7460505558893,2984.705322265625,683500
2023-04-28,3016.848388671875,3030.6239520904683,2998.480970780418,3016.848388671875,898700
2023-05-01,3039.8076448810634,3076.54248046875,3039.8076448810634,3076.54248046875,703200
2023-05-02,3076.5422209318695,3076.5422209318695,3044.399242504223,3058.1748046875,650800
2023-05-08,3081.13427734375,3094.909840431725,3058.1750055304583,3081.13427734375,1505400
2023-05-09,3081.1343623248526,3117.869198239307,3076.5425078355456,3113.27734375,930800
2023-05-10,3108.685506123708,3113.277360637923,3035.215833896264,3053.583251953125,1353000
2023-05-11,3048.99120942813,3090.317897507728,2952.562270575734,2970.9296875,1911300
2023-05-12,2957.1542805246386,3021.4402431447393,2957.1542805246386,3016.848388671875,1591000
2023-05-15,3048.9912683823527,3062.7668313419117,3026.0319967830883,3044.3994140625,741600
2023-05-16,3039.807588079825,3085.7261317064085,3021.4401706291915,3081.13427734375,731500
2023-05-17,3081.134379038416,3081.134379038416,3039.8076884104794,3053.583251953125,566100
2023-05-18,3044.399560097537,3044.399560097537,2984.7054510760163,2993.88916015625,1120600
2023-05-19,2993.88916015625,3012.256578316718,2984.7054510760163,2993.88916015625,656500
2023-05-22,2993.889370685987,3053.5834839051863,2993.889370685987,3035.216064453125,669400
2023-05-23,3021.4401713613343,3035.215734452647,3003.07275390625,3003.07275390625,669700
2023-05-24,2984.7052648869526,3003.0726819016418,2980.1134106332806,2989.297119140625,541900
2023-05-25,2989.297466615189,3016.848595339753,2961.746337890625,2961.746337890625,694300
2023-05-26,2961.745833993516,2970.929542005899,2943.37841796875,2943.37841796875,591200
2023-05-29,2952.5625447718703,2961.746254086868,2925.011416826876,2929.603271484375,609400
2023-05-30,2925.0114037546828,2934.1951130286375,2897.4602759328172,2911.23583984375,723400
2023-05-31,2892.8682070312498,2911.2356242187498,2865.31708125,2869.908935546875,2035900
2023-06-01,2851.5417295630423,2920.419549117705,2846.9498749260647,2911.23583984375,756100
2023-06-02,2911.23583984375,2938.786967665615,2906.6439852067724,2911.23583984375,517000
2023-06-05,2952.5623858523354,2970.011432611649,2909.398954395085,2914.9091796875,1056200
2023-06-06,2938.786707582349,2955.3173828125,2934.194853351752,2955.3173828125,652300
2023-06-07,2957.1544266578157,2977.3585873368443,2941.5421206785663,2950.725830078125,946400
2023-06-08,2950.7259161426327,2970.011706444219,2941.542206475211,2951.644287109375,763500
2023-06-09,2962.6643498840804,2977.358283423493,2953.480641421947,2970.9296875,1038300
2023-06-12,2988.3788348718285,2991.1339475038553,2954.3991124101635,2958.990966796875,470300
2023-06-13,2957.1544863115987,2959.9095991870445,2925.011502764734,2930.521728515625,683000
2023-06-14,2938.7870530112923,2942.460536827557,2916.7461501137077,2927.7666015625,948000
2023-06-15,2946.1336028484084,2960.827536029697,2944.296861200747,2957.154052734375,872800
2023-06-16,2957.154481524233,2993.889319804037,2940.623804298321,2977.358642578125,1608800
2023-06-19,2993.8888571528746,2999.39908204334,2948.888687214074,2967.256103515625,571100
2023-06-20,2968.174589122167,2971.848072524546,2939.7050927537302,2958.072509765625,527500
2023-06-21,2957.1541962887604,2972.7665010517753,2955.317454551935,2969.093017578125,549700
2023-06-22,2955.3174402573527,2981.0318244485293,2953.4806985294117,2966.337890625,574900
2023-06-23,2981.9501382542444,3010.4196344925817,2968.1745755582747,3002.154296875,887400
2023-06-26,3003.0725952973744,3003.0725952973744,2973.6847289213756,2988.378662109375,619600
2023-06-27,3003.072942529553,3003.072942529553,2970.929959964252,2976.440185546875,647500
2023-06-28,2968.1745755582747,3007.664521953388,2961.745979633489,3002.154296875,794400
2023-06-29,2983.7870968335296,2986.542209572988,2947.9706312205694,2949.807373046875,798800
2023-06-30,2943.378561812947,2960.827607889217,2940.6234492745884,2955.3173828125,833100
2023-07-03,2968.1746608899475,2996.644157946751,2968.1746608899475,2987.46044921875,659000
2023-07-04,2992.9704444379126,2997.562298449017,2982.868365613482,2990.21533203125,799700
2023-07-05,2992.9707459317865,3015.930018300088,2981.9502951950017,3001.236083984375,797800
2023-07-06,3003.0730559975595,3009.5016527535176,2970.930072217769,2998.481201171875,791400
2023-07-07,2998.481043145763,3012.256606896816,2973.6850283938684,2999.3994140625,1016500
2023-07-10,2992.0525185080132,3015.011791977228,2973.685099732642,2997.562744140625,1040500
2023-07-11,2996.6442728803204,3007.664723776601,2983.787080167993,2993.88916015625,743500
2023-07-12,3003.07308224866,3021.4405017119543,2996.644485436507,3019.603759765625,656400
2023-07-13,3036.134234691339,3048.0730565458416,3009.501478246678,3027.868896484375,860500
2023-07-14,3027.8687385110293,3044.3994140625,3008.582950367647,3044.3994140625,894600
2023-07-18,3026.0321820730187,3057.256793359963,3021.440327471997,3048.991455078125,852000
2023-07-19,3055.41996468743,3066.44041541669,3048.0729975345894,3063.685302734375,701000
2023-07-20,3067.35888671875,3091.2365307470996,3056.3384356287424,3067.35888671875,732500
2023-07-21,3056.338249552506,3080.215892127135,3033.378977846132,3078.379150390625,827900
2023-07-24,3095.828671451417,3104.094010532717,3085.72659035205,3091.23681640625,655700
2023-07-25,3091.236415145421,3101.3384949334777,3055.41995044231,3060.93017578125,750900
2023-07-26,3060.0114758486675,3075.623779296875,3040.725689236176,3075.623779296875,395400
2023-07-27,3074.7058672223775,3085.726318359375,3058.175190516881,3085.726318359375,528900
2023-07-28,3066.4404452599524,3069.1955579690807,3006.7463365621693,3037.970947265625,1190500
2023-07-31,3076.542760101838,3079.297873021332,3017.7670178192957,3019.603759765625,1413000
2023-08-01,3030.6241362533847,3057.256893814399,3019.603684848827,3052.6650390625,710800
2023-08-02,3042.5629304468525,3048.9915270400093,3029.705737260539,3047.15478515625,839400
2023-08-03,3040.725901718418,3049.9096102708745,3014.0931469162933,3023.27685546875,1022100
2023-08-04,3009.501046777284,3017.7663837992536,2972.7662155685284,2992.052001953125,947100
2023-08-07,3005.8280368257997,3044.3996156668272,2997.5626985027225,3036.13427734375,1116600
2023-08-08,3062.7673299711046,3358.482796313142,3062.7673299711046,3352.05419921875,5697800
2023-08-09,3338.2786038650643,3415.4217683010106,3269.4007784758264,3362.15625,3609500
2023-08-10,3362.155816939487,3453.9929056294486,3341.0332865407963,3451.23779296875,1991700
2023-08-14,3414.5029008803467,3428.278463955442,3392.4619999601937,3424.60498046875,1300500
2023-08-15,3409.911204719184,3415.42143020486,3372.2579972337307,3408.074462890625,943600
2023-08-16,3384.196719782139,3402.5641375285823,3366.7476729230184,3388.78857421875,873600
2023-08-17,3407.1562993497073,3408.0746703198824,3348.3805572584993,3352.972412109375,846400
2023-08-18,3315.319140129981,3316.2375110829253,3248.2780605650255,3261.13525390625,1325400
2023-08-21,3277.665912582597,3327.2579437620475,3267.5638321571532,3305.217041015625,1024400
2023-08-22,3302.461824217683,3365.8294176189684,3289.604631353655,3363.99267578125,1020100
2023-08-23,3363.992774590607,3401.6459833698086,3343.788613782255,3383.278564453125,711700
2023-08-24,3354.8092080157735,3393.380789383598,3352.054095060929,3379.605224609375,755200
2023-08-25,3379.6049234937295,3384.196778009346,3344.7068291750443,3368.58447265625,1015400
2023-08-28,3383.27838984375,3452.1562072265624,3383.27838984375,3443.890869140625,1244500
2023-08-29,3457.666432617187,3485.2175595703125,3443.890869140625,3443.890869140625,1022800
2023-08-30,3445.7276109375,3469.605254296875,3433.7887892578124,3443.890869140625,867900
2023-08-31,3444.809096003153,3451.2376920234205,3350.2168974192223,3353.890380859375,2889100
2023-09-01,3353.890550934126,3417.258143490111,3352.972180027518,3402.564208984375,1230900
2023-09-04,3397.0541286406374,3406.2378380989794,3374.094854994783,3383.278564453125,665800
2023-09-05,3386.0338215040124,3399.8093862782353,3367.6664018050483,3379.605224609375,775500
2023-09-06,3397.9724569515306,3400.727569754464,3368.5845870535713,3375.01318359375,769600
2023-09-07,3399.809067183085,3447.564353918234,3387.8702454992977,3412.666259765625,911800
2023-09-08,3431.952062965305,3443.890884698928,3391.543743251504,3415.42138671875,1011400
2023-09-11,3420.9314827800185,3427.3600788550416,3377.7680519905794,3390.625244140625,744100
2023-09-12,3403.482622498906,3416.339815352382,3391.5438005635347,3410.82958984375,783300
2023-09-13,3420.0133737021647,3420.9317446403234,3377.768310546875,3377.768310546875,966400
2023-09-14,3379.6050652379663,3409.9113063121113,3379.6050652379663,3396.1357421875,692100
2023-09-15,3400.7275814845643,3415.4215164842276,3390.625501172296,3408.992919921875,1250400
2023-09-19,3428.278908614969,3465.013748246525,3411.748230780769,3431.952392578125,952500
2023-09-20,3430.115379123965,3442.0542010593363,3407.156106171328,3410.82958984375,798500
2023-09-21,3417.258275179978,3425.5236136579733,3373.1764699640044,3380.5234375,639000
2023-09-22,3365.829764421019,3398.891120906464,3348.3807151648116,3352.05419921875,716600
2023-09-25,3363.0744036447727,3390.6255320197984,3343.788613782255,3383.278564453125,615800
2023-09-26,3387.8705753800673,3410.8298500844594,3369.503155616554,3397.97265625,799700
2023-09-27,3417.25799885662,3510.9318273659924,3404.4008067082746,3499.911376953125,1862100
2023-09-28,3457.5985115949084,3474.3378266053196,3422.2599576840407,3461.318359375,1131300
2023-09-29,3463.1779761504304,3476.197442226184,3424.11957792317,3455.73828125,1027600
2023-10-02,3441.7888461988123,3474.3375113209304,3433.419189453125,3433.419189453125,931600
2023-10-03,3454.8084989822855,3467.8279657348435,3418.5399844573035,3442.718994140625,912400
2023-10-04,3414.8200381159813,3440.8589708685,3403.660495507759,3415.75,841900
2023-10-05,3415.7499211601857,3455.73828125,3408.310226259755,3455.73828125,938700
2023-10-06,3444.578748249066,3517.1157737251533,3444.578748249066,3485.4970703125,1008200
2023-10-10,3441.7890756915217,3505.9564483536983,3441.7890756915217,3493.866943359375,1108200
2023-10-11,3493.8670886624245,3497.5869365076865,3453.878724325857,3459.45849609375,710400
2023-10-12,3453.8781351333905,3461.317829554787,3424.119357447804,3432.489013671875,840000
2023-10-13,3422.259918884062,3431.559538228855,3399.940832456557,3425.0498046875,772900
2023-10-16,3437.138963721264,3455.7382005379377,3383.2011769529113,3398.08056640625,1233500
2023-10-17,3375.761539865404,3422.259632701015,3371.1117305818425,3388.781005859375,1276700
2023-10-18,3385.0611560179455,3390.640927154239,3326.473559086866,3381.34130859375,839400
2023-10-19,3377.6213784807533,3425.979393811425,3373.901531147625,3406.4501953125,749700
2023-10-20,3407.3803774488206,3462.2481291599233,3402.7305679817778,3429.699462890625,1236000
2023-10-23,3429.6993443834463,3449.228543470228,3419.4697639094175,3440.85888671875,653000
2023-10-24,3423.1895083115787,3431.559164811118,3378.551340314036,3406.4501953125,627000
2023-10-25,3452.9485123539384,3472.4777121275533,3428.769503110415,3437.13916015625,1138600
2023-10-26,3439.928776690429,3480.8470968240813,3430.6291584782352,3452.9482421875,894100
2023-10-27,3445.508821421656,3460.388211743585,3399.9406885607486,3452.0185546875,1007000
2023-10-30,3426.9094725490236,3430.62932000905,3380.4113792986977,3387.85107421875,968700
2023-10-31,3382.271473803015,3458.5283505838365,3376.6917023312476,3457.598388671875,1074600
2023-11-01,3486.4272235646445,3523.6257002097727,3476.197642487234,3517.115966796875,1462200
2023-11-02,3517.1160559460773,3540.3651044385815,3492.9370455138724,3506.886474609375,987300
2023-11-06,3519.905739973431,3521.7656637462046,3440.858979630567,3445.5087890625,1060700
2023-11-07,3463.178150170779,3478.987502628594,3418.5399785251834,3420.39990234375,704000
2023-11-08,3151.6410459772255,3197.209181490027,3082.8238617334027,3123.7421875,3442300
2023-11-09,3150.710866079757,3213.01831236882,3114.4423525682137,3115.372314453125,2169300
2023-11-10,3068.874071465164,3120.02197265625,3040.045254430188,3120.02197265625,1869300
2023-11-13,3124.672112098107,3142.341388922471,3083.753786820632,3094.913330078125,1245700
2023-11-14,3106.072846599402,3155.36082889574,3096.7732272982066,3110.72265625,1330900
2023-11-15,3117.2323879279666,3137.691550378568,3093.0533777590745,3103.282958984375,1102400
2023-11-16,3094.912880483438,3133.971276210693,3094.912880483438,3116.302001953125,1113700
2023-11-17,3128.391798076395,3174.889892578125,3110.7225221657377,3174.889892578125,1174900
2023-11-20,3161.870335820895,3179.539611226953,3139.5512510974536,3177.6796875,1097500
2023-11-21,3184.189315184491,3226.967559488956,3152.5706128724955,3226.03759765625,1069800
2023-11-22,3236.2676084408236,3252.0769617004485,3221.3882171376476,3235.337646484375,787400
2023-11-24,3280.905573918269,3281.835535815638,3252.076755099826,3264.166259765625,1044800
2023-11-27,3267.8859055608614,3277.185523960294,3204.648500444715,3210.228271484375,923800
2023-11-28,3214.87841796875,3225.1079992813497,3204.6488366561507,3214.87841796875,699500
2023-11-29,3204.6487915542593,3210.2285631007844,3146.0611903157455,3156.290771484375,1016500
2023-11-30,3137.691389274987,3185.1194452480236,3118.1621897566783,3183.259521484375,1353500
2023-12-01,3198.1386302536084,3199.068592053624,3155.3603874528912,3169.309814453125,544500
2023-12-04,3146.061158199665,3154.4308154340124,3124.6720341563328,3149.781005859375,598000
2023-12-05,3138.621249708704,3153.5006393369526,3129.3216311910487,3148.850830078125,699900
2023-12-06,3147.9210897369253,3184.1896045078975,3139.5514324820856,3179.539794921875,733300
2023-12-07,3158.1506571978143,3160.9405429373887,3122.8121044965433,3127.4619140625,851800
2023-12-08,3145.131135861196,3151.640869140625,3124.6719741258485,3151.640869140625,1014700
2023-12-11,3175.8197311446115,3175.8197311446115,3144.2010281112534,3171.169921875,610300
2023-12-12,3182.3295876984016,3186.9793971485747,3164.6603117877444,3174.889892578125,558400
2023-12-13,3170.2401070818505,3172.100030875973,3130.251745508216,3151.640869140625,626600
2023-12-14,3159.080322265625,3164.6600932204656,3120.951887407547,3159.080322265625,798200
2023-12-15,3118.1621867872454,3124.6719199538156,3052.134893240602,3070.734130859375,1801600
2023-12-18,3059.5747927760117,3069.8043741500346,3032.6058964263143,3034.4658203125,1011100
2023-12-19,3041.9051828355273,3054.9246486134844,3019.5860986447437,3044.695068359375,1032000
2023-12-20,3050.2750316467655,3080.9637743432113,3047.4851459470883,3076.31396484375,849800
2023-12-21,3054.924828652224,3059.574638132669,3029.815857457822,3031.67578125,869700
2023-12-22,3036.3253569110484,3068.8740207676756,3036.3253569110484,3061.434326171875,476600
2023-12-25,3100.49297424095,3100.49297424095,3070.734193444396,3076.31396484375,411100
2023-12-26,3078.1739795586705,3081.893827268107,3056.784855229411,3073.524169921875,451500
2023-12-27,3074.453927239068,3105.142668799531,3074.453927239068,3102.352783203125,551600
2023-12-28,3095.843295521713,3111.65264848773,3090.2635238866487,3109.792724609375,467500
2023-12-29,3113.5121768508325,3124.671718703344,3094.9129404299792,3114.442138671875,583400
2024-01-04,3138.6213788667756,3178.6097401382635,3101.4229032653916,3174.889892578125,836000
2024-01-05,3199.068875692218,3207.4385326344363,3180.469638042845,3190.69921875,619300
2024-01-09,3193.489353631512,3219.528288372829,3188.839543856277,3213.0185546875,701000
2024-01-10,3218.5980052610703,3267.885983960532,3218.5980052610703,3260.4462890625,731800
2024-01-11,3291.135119925787,3307.8744339011087,3246.496949324928,3250.216796875,1126500
2024-01-12,3315.3141094225025,3321.823842596684,3275.325748495387,3288.34521484375,1091600
2024-01-15,3301.364956738419,3304.154842617353,3283.6956795051715,3287.41552734375,81500
2024-01-16,3306.9442516158383,3315.313908045687,3239.9870001770473,3241.846923828125,834000
2024-01-17,3242.7771962773704,3285.5554443498568,3242.7771962773704,3262.306396484375,821600
2024-01-18,3254.866573788704,3264.1661925709577,3235.337374345972,3243.70703125,691200
2024-01-19,3253.006857406621,3254.866781281639,3205.5787985936595,3214.87841796875,689800
2024-01-22,3222.3177905273437,3264.166073521206,3214.8780957728795,3254.866455078125,653100
2024-01-23,3254.866369951513,3284.62514819107,3253.936408131527,3272.53564453125,746100
2024-01-24,3254.8667634150897,3270.676116265963,3248.3570298882596,3267.88623046875,547400
2024-01-25,3264.1662059110754,3297.6448336640096,3259.5163965009456,3288.34521484375,635100
2024-01-26,3288.345124196454,3306.0143994678715,3273.4657344942075,3291.135009765625,666100
2024-01-29,3310.66430444116,3322.7538089236696,3294.85495242557,3303.224609375,461000
2024-01-30,3310.6643000123727,3324.613728242762,3283.69540543362,3288.34521484375,538300
2024-01-31,3282.7653626052315,3320.893798828125,3276.2556295915665,3320.893798828125,705500
2024-02-01,3319.964210080876,3357.1626886251993,3307.874704553971,3354.372802734375,738700
2024-02-02,3365.5318788904374,3365.5318788904374,3319.033787167718,3331.123291015625,668600
2024-02-05,3338.5629224670547,3351.5823879028594,3322.7535715807203,3325.54345703125,618300
2024-02-06,3333.913186795816,3385.0610878484713,3332.9832249584947,3360.882080078125,990000
2024-02-07,3347.862584284232,3375.7614391532675,3339.4929278235218,3361.81201171875,744500
2024-02-08,3339.4932232630736,3391.571090292517,3215.808289068145,3217.668212890625,2248900
2024-02-09,3161.870243121703,3210.228258604741,3110.722342130028,3173.02978515625,2626900
2024-02-13,3193.4891932794226,3213.0183933548064,3160.940526487116,3180.4697265625,1224300
2024-02-14,3179.539543230509,3189.7691235099874,3144.20099317413,3157.220458984375,1200600
2024-02-15,3161.87060546875,3172.100186839384,3107.0028508444393,3161.87060546875,944800
2024-02-16,3161.8703381614964,3211.158316962249,3150.7107957915146,3185.119384765625,785300
2024-02-19,3193.489173163916,3222.317992141225,3177.67982082152,3218.59814453125,556500
2024-02-20,3225.1077118723483,3226.9676355816173,3178.609619140625,3178.609619140625,720200
2024-02-21,3196.278927135607,3202.788660184763,3177.679689852304,3185.119384765625,682400
2024-02-22,3190.6993738736332,3225.1079651978316,3190.6993738736332,3200.928955078125,906400
2024-02-26,3206.508715403101,3217.6682584961513,3154.4308476355336,3156.290771484375,1309200
2024-02-27,3159.0807196403953,3183.2597301528035,3151.641024098116,3161.87060546875,760000
2024-02-28,3155.360749045867,3181.3996824302717,3146.9910918865944,3158.150634765625,972800
2024-02-29,3167.450095111462,3167.450095111462,3127.4617351320744,3140.481201171875,1471500
2024-03-01,3146.991205705915,3160.9406348092216,3124.672119140625,3124.672119140625,869300
2024-03-04,3124.6718961339043,3127.4617817554526,3083.753573684532,3093.983154296875,1063900
2024-03-05,3087.4733608769525,3106.0725979906692,3065.1542763404927,3095.843017578125,1281300
2024-03-06,3087.4733608769525,3117.232140258899,3084.683475309895,3095.843017578125,1050300
2024-03-07,3097.7028662687226,3143.27099609375,3094.912980769231,3143.27099609375,1361100
2024-03-08,3142.341192090045,3170.2400484862274,3125.601878252335,3160.9404296875,1210300
2024-03-11,3175.8196983819425,3175.8196983819425,3135.831339075816,3164.66015625,1007600
2024-03-12,3173.960322857044,3173.960322857044,3120.9524885755172,3147.92138671875,979000
2024-03-13,3146.9909341917755,3158.150476511604,3123.7418876921315,3140.481201171875,954700
2024-03-14,3150.710701087156,3185.1192890270095,3137.691235380184,3173.02978515625,946800
2024-03-15,3167.450289998218,3196.2791094315544,3157.2207089089693,3179.539794921875,1017300
2024-03-18,3202.7886249083576,3203.71858676228,3168.380036313233,3171.169921875,908200
2024-03-19,3171.1700773085813,3184.189543901637,3158.1506107155255,3181.399658203125,889300
2024-03-21,3192.5592656164713,3207.4386563097023,3180.4697606782206,3194.419189453125,1030800
2024-03-22,3194.4191350664096,3224.177915946213,3186.0494779439646,3218.59814453125,904000
2024-03-25,3222.3177676829605,3223.2477295206754,3163.7301719069064,3187.9091796875,1408000
2024-03-26,3184.1895178883074,3199.99887005072,3163.7303562663615,3197.208984375,954900
2024-03-27,3209.2986124272543,3215.8083459210216,3186.979526162909,3200.928955078125,1715200
2024-03-28,3180.654804761482,3182.5407548384233,3108.0457267992424,3111.817626953125,1847700
2024-03-29,3177.825941773721,3204.2292433670927,3161.795365806316,3197.62841796875,773500
2024-04-01,3196.6856004146107,3232.518654342562,3179.712048554002,3224.974853515625,1043600
2024-04-02,3222.1457966050652,3238.1763727075777,3179.711918686649,3186.312744140625,1025200
2024-04-03,3187.256063610112,3193.856889777352,3168.396560275141,3178.769287109375,832400
2024-04-04,3169.339338181865,3180.6550394785572,3136.3352093998465,3142.93603515625,1031500
2024-04-05,3148.593998226661,3158.0237496439313,3123.13366940003,3155.19482421875,731900
2024-04-08,3161.795301398057,3179.7118271143,3150.4796009456927,3156.137451171875,562200
2024-04-09,3158.9664440976376,3163.681319387336,3138.2209928229668,3153.30859375,627400
2024-04-10,3172.1680219638847,3231.575449247988,3146.7076959849833,3149.53662109375,1656500
2024-04-11,3128.791136248718,3130.6770863007064,3085.4142850529856,3103.330810546875,1181900
2024-04-12,3128.791305020246,3149.536756711158,3104.273953021896,3143.87890625,927900
2024-04-15,3143.878584303134,3177.82568359375,3127.8480096381213,3177.82568359375,844300
2024-04-16,3168.396011257764,3200.4571613716817,3130.677011123743,3188.198486328125,928300
2024-04-17,3207.058254770691,3210.8301550997357,3167.453301315716,3170.2822265625,843000
2024-04-18,3180.6548356234816,3215.544912385435,3174.054010290139,3202.34326171875,702900
2024-04-19,3193.8565811357125,3241.9483099924946,3184.4268303794806,3239.119384765625,1357300
2024-04-22,3256.0930876007997,3318.3294454871743,3244.777386166913,3310.78564453125,1638800
2024-04-23,3315.50023196455,3366.420883991309,3290.03990595117,3346.618408203125,943500
2024-04-24,3339.074683703495,3356.0482347643992,3292.868905815477,3306.070556640625,1107200
2024-04-25,3323.987228054856,3332.474003956273,3305.127726051708,3313.614501953125,676700
2024-04-26,3305.1275769081344,3310.785427253769,3274.952375064751,3299.4697265625,748100
2024-04-30,3318.32921023105,3333.416811073249,3293.811858862478,3323.987060546875,729400
2024-05-01,3310.785253975022,3360.7629294124117,3302.2984789007483,3347.561279296875,767200
2024-05-02,3363.5919588787115,3363.5919588787115,3332.4737826401365,3346.618408203125,460800
2024-05-07,3340.0175516088825,3358.87705218262,3316.443175891711,3351.333251953125,1014800
2024-05-08,3355.105423947231,3370.193025628838,3312.6715442177133,3340.017822265625,824000
2024-05-09,3354.1622636767866,3385.280440427232,3343.7895380933046,3374.90771484375,908200
2024-05-10,3394.710324112565,3564.4458403181934,3234.4045588072495,3260.807861328125,4158300
2024-05-13,3227.803594411023,3268.351521539178,3180.6548419364244,3259.86474609375,1825000
2024-05-14,3263.636880160673,3322.10133741868,3263.636880160673,3297.583984375,1119300
2024-05-15,3285.325427397668,3301.356004971078,3250.435346796717,3265.52294921875,862300
2024-05-16,3244.776953756398,3289.0967784662357,3237.2331538057874,3281.552978515625,728700
2024-05-17,3252.320764447006,3277.781089364393,3237.2331644959613,3250.434814453125,826200
2024-05-20,3250.434932967308,3282.4960840322597,3248.5489829046637,3269.29443359375,880600
2024-05-21,3257.978670802101,3294.754696319115,3249.4918956827905,3278.72412109375,741700
2024-05-22,3297.583812618828,3334.3598402688517,3280.6102613957396,3301.355712890625,993700
2024-05-23,3324.9300136178667,3356.048190149174,3302.2986125041884,3341.903564453125,980800
2024-05-24,3307.013563298321,3336.2457904047506,3296.6408375508786,3301.355712890625,678700
2024-05-27,3320.21484375,3342.846242855368,3307.956169234593,3320.21484375,653600
2024-05-28,3320.215410790819,3334.360037647355,3276.838555097443,3279.66748046875,789400
2024-05-29,3273.066496643615,3279.6673221914416,3243.834269217527,3252.321044921875,826600
2024-05-30,3247.6062276449547,3298.526882782245,3241.00540197901,3287.211181640625,828500
2024-05-31,3294.7549325152827,3337.1888111538597,3293.8119574344255,3316.443359375,2536700
2024-06-03,3323.0441623877614,3346.6185392491957,3319.272262089932,3334.35986328125,605600
2024-06-04,3319.2722980850763,3348.5045257102574,3303.241721645461,3336.245849609375,584300
2024-06-05,3341.9037811313624,3373.021959680272,3307.956677259825,3353.219482421875,833500
2024-06-06,3336.2460495246396,3356.0485274895964,3316.443571559683,3321.158447265625,647100
2024-06-07,3325.873155297485,3331.531005859375,3301.35580286263,3331.531005859375,666000
2024-06-10,3328.7020173747087,3340.960693359375,3293.811939572198,3340.960693359375,759700
2024-06-11,3340.960711477289,3380.565664873294,3314.557409213285,3316.443359375,631400
2024-06-12,3300.4125629912523,3314.557188261215,3254.206787109375,3254.206787109375,822100
2024-06-13,3246.6628212755227,3264.579345703125,3229.689271817794,3264.579345703125,925500
2024-06-14,3262.6936465503477,3334.3597497693727,3255.149846211503,3322.10107421875,1188400
2024-06-17,3322.101003479848,3331.530753702612,3234.40432640814,3274.00927734375,1137000
2024-06-18,3257.978670802101,3297.583621358885,3250.4348706960473,3278.72412109375,932200
2024-06-19,3257.978917854388,3299.469821583937,3249.4921420915252,3285.3251953125,1018900
2024-06-20,3282.4964058400574,3309.84268442936,3267.4088038597524,3279.66748046875,899500
2024-06-21,3253.263823730754,3273.0662991795502,3214.601847854534,3223.088623046875,1582100
2024-06-24,3224.9746676301243,3232.5184680222414,3208.0011167478606,3208.944091796875,907500
2024-06-25,3240.0622076227646,3275.8952588130046,3220.2597319650004,3269.29443359375,887900
2024-06-26,3285.3251545638486,3295.6978803675806,3271.1805284678503,3276.83837890625,757700
2024-06-27,3276.8381710672365,3284.3819711732904,3256.0927207755876,3278.72412109375,648600
2024-06-28,3279.6671952978613,3294.7547959662816,3271.180419921875,3271.180419921875,768900
2024-07-01,3284.381795166501,3331.530543302684,3281.5528702783304,3320.21484375,1060800
2024-07-02,3320.2150760064583,3361.7059772686803,3317.3861509203975,3351.333251953125,875300
2024-07-03,3338.1318042577577,3356.9913059767277,3307.956601507405,3342.8466796875,985700
2024-07-04,3342.846711411988,3347.561586886476,3326.816134798729,3338.1318359375,490200
2024-07-05,3338.131686336436,3353.2192871786347,3323.987060546875,3323.987060546875,600700
2024-07-08,3319.272117701247,3353.2192189050097,3309.8423673668685,3326.81591796875,803200
2024-07-09,3328.7020173747087,3344.732593662349,3315.5003663142993,3340.960693359375,802000
2024-07-10,3340.960519730149,3393.7671212274363,3336.2456445964626,3389.05224609375,798900
2024-07-11,3394.70991959868,3434.314868660665,3390.938019688015,3430.54296875,837600
2024-07-12,3422.05644695704,3447.5167732364116,3407.9118212462777,3443.744873046875,1038000
2024-07-16,3469.205221598778,3478.634972133159,3422.999443980311,3425.828369140625,784800
2024-07-17,3426.771187642026,3453.174487932058,3422.9992876005927,3449.402587890625,707400
2024-07-18,3437.144196040526,3539.9284806409146,3435.258245864372,3508.810302734375,1231200
2024-07-19,3517.2969928385414,3540.8713694661456,3509.753192317708,3536.156494140625,1037800
2024-07-22,3536.156494140625,3555.9589705078124,3525.783768424479,3536.156494140625,685600
2024-07-23,3517.2968630622177,3548.4150390625,3513.5249629409714,3548.4150390625,611000
2024-07-24,3551.244177173785,3559.730952955666,3487.121871266239,3502.20947265625,965300
2024-07-25,3502.209427628182,3562.559832412297,3479.5780258341388,3538.04248046875,995900
2024-07-26,3545.58631280024,3554.073088548964,3515.4111101381104,3533.32763671875,638500
2024-07-29,3546.529426329892,3593.678182330023,3546.529426329892,3585.19140625,873600
2024-07-30,3588.9629070302167,3599.335632195044,3562.5596066106564,3564.445556640625,724200
2024-07-31,3555.016027552481,3591.7920554237135,3541.814376521782,3582.3623046875,1358600
2024-08-01,3581.4192878674135,3581.4192878674135,3483.3498813539295,3522.954833984375,886900
2024-08-02,3488.0646464583406,3508.8100971807203,3454.117545276264,3466.376220703125,1128500
2024-08-05,3400.368246536896,3494.665757533482,3340.960814609047,3366.421142578125,1791900
2024-08-06,3472.0344307460023,3489.9509582267665,3373.9650171670824,3427.714599609375,1842200
2024-08-07,3398.4822222564812,3540.8714607583483,3395.6532969882323,3464.490478515625,1331500
2024-08-08,3464.490632460033,3563.503021248357,3460.718731934763,3542.757568359375,1302400
2024-08-09,3501.266092074972,3618.1949893055935,3381.5082699113523,3430.54296875,2825100
2024-08-13,3364.53500914325,3390.9383107845088,3240.062301405888,3255.14990234375,2910600
2024-08-14,3256.0929909524107,3282.496293514434,3201.4004356453615,3216.488037109375,2109300
2024-08-15,3211.7730092079946,3256.092836404934,3202.3432587405605,3246.6630859375,1358900
2024-08-16,3261.7509000207324,3274.952551538596,3220.2599952503037,3251.378173828125,1341100
2024-08-19,3272.1234296977887,3272.1234296977887,3204.229225969189,3222.145751953125,1126200
2024-08-20,3239.119170536966,3287.210896213061,3225.9175203513714,3278.72412109375,1003900
2024-08-21,3278.724220256085,3331.530822595556,3266.4655447129935,3271.180419921875,930800
2024-08-22,3271.180515267558,3317.386293661363,3263.6367147134674,3307.95654296875,801700
2024-08-23,3342.8469436048795,3399.4254532286577,3333.4171920009167,3375.85107421875,1225200
2024-08-26,3384.337538275772,3432.429267016944,3376.793737688922,3429.600341796875,1099400
2024-08-27,3429.600464611106,3447.516991646468,3404.14013671875,3404.14013671875,903500
2024-08-28,3407.9116836869625,3411.6835837242475,3364.5348332581857,3398.48193359375,620500
2024-08-29,3422.999448671446,3476.7490267910803,3418.284573397794,3432.42919921875,916700
2024-08-30,3404.1401812915833,3429.60050951731,3373.9649774685,3419.227783203125,1411400
2024-09-02,3426.771264183147,3428.6572142459886,3357.9340868894296,3364.534912109375,832900
2024-09-03,3371.1358206612726,3432.42919921875,3363.5920202234292,3432.42919921875,788000
2024-09-04,3408.8550736751463,3472.977382114955,3399.4253224339977,3445.631103515625,1226400
2024-09-05,3444.688064841725,3471.0913678298352,3405.0831103595583,3455.060791015625,1025000
2024-09-06,3474.8631906933883,3577.6474750314014,3470.148315265039,3495.608642578125,1257400
2024-09-09,3463.547611667799,3518.2401685631794,3452.2319102411684,3470.1484375,1101300
2024-09-10,3470.14825253901,3534.270557205492,3443.7449506175176,3505.038330078125,850300
2024-09-11,3505.03860135293,3506.924551636144,3413.570012617058,3436.201416015625,966400
2024-09-12,3422.9997005368687,3479.578207983759,3419.2278000404094,3445.631103515625,998000
2024-09-13,3422.056355277214,3446.573705852361,3402.2538798126725,3413.569580078125,960800
2024-09-17,3453.1745389914,3477.691889623234,3428.6571883595657,3471.091064453125,973800
2024-09-18,3451.2890544646534,3472.0345077975007,3414.5130235564234,3438.08740234375,712800
2024-09-19,3441.8591221304746,3472.977300494942,3420.1706947855428,3428.657470703125,917500
2024-09-20,3439.9729996565934,3457.8895256964715,3404.1399475768376,3432.42919921875,1667200
2024-09-24,3439.9730537887167,3439.9730537887167,3407.9119014233615,3409.7978515625,855100
2024-09-25,3401.311030476888,3403.19698059082,3364.5350032552083,3394.710205078125,729500
2024-09-26,3410.7407960645196,3465.433349609375,3403.196995575574,3465.433349609375,1193400
2024-09-27,3442.489892185115,3482.641121141454,3431.018112483304,3444.40185546875,1326700
2024-09-30,3397.5585400254613,3453.0054717422527,3393.7346137001655,3431.973876953125,1353800
2024-10-01,3432.930104789521,3435.7980497392196,3400.4267286929335,3422.414306640625,827700
2024-10-02,3431.0181414897215,3440.5779579887176,3405.206636942432,3422.414306640625,575900
2024-10-03,3424.326094123209,3465.4333029583004,3423.370112522393,3452.049560546875,696900
2024-10-04,3441.533872585691,3518.012403087595,3441.533872585691,3514.1884765625,757800
2024-10-07,3473.0811775653337,3506.540533803921,3443.445747754014,3468.30126953125,1112700
2024-10-08,3445.3574712731033,3492.200566748237,3435.7976558700148,3439.62158203125,824300
2024-10-09,3456.829511745542,3492.200831417717,3445.3577323924037,3484.552978515625,532100
2024-10-10,3496.980862996866,3519.9244225135217,3460.6535604288288,3479.773193359375,468200
2024-10-11,3498.892586263021,3498.892586263021,3436.753783501519,3441.53369140625,758800
2024-10-15,3433.8861073463995,3468.3014469523214,3430.0621807235193,3438.666015625,726400
2024-10-16,3434.841877543361,3468.3012334337086,3385.130834506274,3387.998779296875,511300
2024-10-17,3392.7787137999817,3406.162456260731,3366.0112288784826,3375.571044921875,807200
2024-10-18,3377.4828348245705,3404.2503183725717,3374.614890158713,3395.646484375,450800
2024-10-21,3388.954712603725,3390.8666757702154,3363.143209856109,3384.1748046875,433800
2024-10-22,3373.658937912444,3373.658937912444,3329.6837859872603,3354.539306640625,677100
2024-10-23,3366.967220164622,3381.3069442709457,3315.3442133818603,3318.212158203125,723500
2024-10-24,3318.2120851016525,3340.1996615802864,3309.608250827405,3317.256103515625,871800
2024-10-25,3353.5833995535713,3353.5833995535713,3312.47619140625,3345.935546875,753400
2024-10-28,3357.407470703125,3370.7912134678872,3341.1557830602,3357.407470703125,528500
2024-10-29,3374.6153028526296,3407.1186797073005,3358.3636144252937,3394.69091796875,598500
2024-10-30,3398.514844657535,3413.810551412674,3381.307174558003,3394.69091796875,2628200
2024-10-31,3403.29443496919,3404.2504165520468,3372.703024317782,3393.734619140625,829000
2024-11-01,3366.011157365279,3388.954715381969,3350.7154520208187,3365.05517578125,596900
2024-11-05,3366.011154605844,3389.91069418697,3341.155633441472,3384.1748046875,803700
2024-11-06,3389.910677335675,3405.2063825915607,3329.683837890625,3329.683837890625,853400
2024-11-07,3357.407447508024,3374.615116658122,3334.4638886412267,3350.715576171875,749700
2024-11-08,3365.0550595238096,3366.967022625812,3310.564111116748,3312.47607421875,885700
2024-11-11,3311.520004504967,3501.7603280894036,3183.418480081276,3199.670166015625,3537100
2024-11-12,3196.802632250817,3258.9414393968405,3190.1107607120143,3217.834228515625,1630600
2024-11-13,3217.834287491764,3228.3500858169004,3169.0792225297673,3173.859130859375,1055400
2024-11-14,3164.299145338219,3189.15466732577,3157.607274033878,3165.255126953125,906200
2024-11-15,3170.034989874886,3192.978548305826,3142.3115234375,3142.3115234375,936000
2024-11-18,3140.399269059579,3150.9150656987435,3118.4116942685987,3119.36767578125,800100
2024-11-19,3154.73923438449,3160.4751239015527,3132.7516579024164,3148.04736328125,757000
2024-11-20,3161.43115079809,3188.1986355946874,3155.6952611988195,3170.990966796875,845700
2024-11-21,3232.173691956843,3239.8215445258033,3148.0473136982796,3153.783203125,1195500
2024-11-22,3140.399461129319,3168.1229266918003,3127.971700704759,3153.783203125,837200
2024-11-25,3074.436990807674,3122.2360733762016,3058.185302734375,3058.185302734375,3571400
2024-11-26,3058.185302734375,3079.216899064527,3041.933614661076,3058.185302734375,1128200
2024-11-27,3060.0969000561354,3082.0844754079917,3053.405029296875,3053.405029296875,1229900
2024-11-28,3053.4053464886542,3071.568997579225,3040.977585216158,3054.361328125,1145900
2024-11-29,3054.361205291748,3070.612892456055,3039.065499725342,3059.14111328125,1224600
2024-12-02,3060.0970452130773,3075.3927505312304,3050.537229389231,3064.876953125,1063800
2024-12-03,3054.361179041929,3095.468387398362,3050.537252683191,3071.56884765625,4056400
2024-12-04,3080.172832306338,3109.8082630330596,3042.88954848885,3054.361328125,4946000
2024-12-05,3044.8016345941905,3054.361451343309,3032.373872820337,3049.58154296875,1885900
2024-12-06,3045.75737396816,3059.141116352201,3034.2855947818393,3040.021484375,1161100
2024-12-09,3039.0657791801964,3040.0217608660037,3000.82651174792,3008.474365234375,2009000
2024-12-10,3000.826434599924,3032.373829420503,2996.0465262937755,3026.637939453125,5804100
2024-12-11,3049.581197292297,3090.6884046539176,3048.6252157257477,3080.172607421875,2147200
2024-12-12,3092.6006589684407,3107.8963654733852,3081.1288790897324,3093.556640625,1595700
2024-12-13,3087.82041036802,3106.9400413919707,3081.1285395096374,3085.908447265625,1244800
2024-12-16,3085.9085229651955,3090.688430838438,3056.2730941510936,3067.744873046875,1228600
2024-12-17,3075.3926794606064,3083.996513503238,3044.80126953125,3044.80126953125,1076000
2024-12-18,3063.9211231421345,3065.8330864015056,3031.4177477328262,3038.109619140625,811600
2024-12-19,3038.10952117728,3075.392803532822,3035.2415763806994,3040.021484375,1051200
2024-12-20,3049.5812783737256,3066.7889470291257,3023.769775390625,3023.769775390625,2312100
2024-12-23,3026.6376494681435,3029.505594177052,2997.958202379058,3003.694091796875,1112400
2024-12-24,2998.914233538569,3011.3419941493444,2994.134325611348,2997.958251953125,872100
2024-12-25,3011.3419705589345,3011.3419705589345,2971.1907442848155,2991.266357421875,1307500
2024-12-26,2991.2666948898504,3011.342310291796,2991.2666948898504,3008.474365234375,971300
2024-12-27,3024.725754067016,3043.84538588792,3018.0338829297,3042.889404296875,1955800
2024-12-30,3063.921094451685,3066.789039313886,3046.713425278477,3060.09716796875,1194600
2025-01-06,3065.8330630155365,3066.7890446379297,3026.637816497408,3031.417724609375,1505500
2025-01-07,3030.461791031004,3042.8895523191436,3019.945993017963,3035.24169921875,1072800
2025-01-08,3048.625596038266,3048.625596038266,3006.562401862762,3008.474365234375,1144900
2025-01-09,3015.166063710962,3027.5938249120536,2992.222504570486,3018.989990234375,1247700
2025-01-10,3027.5937047139723,3030.461649492672,2998.9142569269757,3004.650146484375,928300
2025-01-14,2992.2222462585705,2998.9141170968487,2936.775316455696,2945.379150390625,2309600
2025-01-15,2961.631084038434,2963.5430472947533,2935.819580078125,2935.819580078125,952000
2025-01-16,2934.863453640896,2945.3792510317912,2920.523729926038,2924.34765625,979000
2025-01-17,2924.3478503676847,2935.8196301010657,2916.6999972120975,2930.083740234375,1175100
2025-01-20,2935.819458724468,2949.203200965478,2928.171606015319,2931.03955078125,755300
2025-01-21,2949.203371125508,2950.159352769309,2932.951683180894,2939.6435546875,790100
2025-01-22,2945.379321447595,2960.6750271091214,2934.863523805296,2944.42333984375,1202600
2025-01-23,2931.995558767759,2934.863503559511,2915.743871614498,2918.61181640625,1335500
2025-01-24,2935.819510197874,2948.247271068135,2915.743896484375,2915.743896484375,1435900
2025-01-27,2942.5114956709413,2966.4110367338953,2936.775605815832,2958.76318359375,1155400
2025-01-28,2988.3982172825067,3023.7695333539887,2977.882420612607,2995.090087890625,1191300
2025-01-29,2990.310573836276,3017.078059791332,2975.0148675762443,2977.8828125,923300
2025-01-30,2986.486668300507,3003.6943379642103,2976.926851820672,2994.134521484375,864600
2025-01-31,2999.8704867990514,3000.8264684710716,2975.970944998549,2985.53076171875,776200
2025-02-03,2982.6626275510203,2983.618609162415,2951.115234375,2951.115234375,1232800
2025-02-04,2954.938919893671,2965.45471676162,2907.1398432211754,2912.875732421875,1389700
2025-02-05,2906.1839131289307,2913.8317655319015,2880.372411268904,2888.020263671875,1670500
2025-02-06,2899.4921118260054,2926.259595878471,2893.756222386191,2917.65576171875,933700
2025-02-07,2917.655957800197,2924.3478292630416,2904.272214874508,2913.83203125,1050300
2025-02-10,2930.0834840435364,2990.3103223778735,2744.6230612362133,2827.79345703125,6851500
2025-02-12,2797.202290549207,2836.3975379560825,2794.334345616997,2818.23388671875,3612100
2025-02-13,2829.7054698086044,2846.43514741727,2818.233690876948,2822.0576171875,2169200
2025-02-14,2825.403370270175,2856.950760295185,2810.107666015625,2810.107666015625,2010000
2025-02-17,2820.1455472695707,2827.7933996011493,2791.944091796875,2791.944091796875,1956100
2025-02-18,2791.944202800373,2799.114064646291,2779.994433057177,2783.818359375,1510200
2025-02-19,2791.466395125665,2803.894156473827,2784.7745236305004,2786.20849609375,1200300
2025-02-20,2798.1580438901797,2813.9317397303535,2789.5542097955395,2802.4599609375,1483600
2025-02-21,2820.1458097488417,2850.2592311071767,2817.7558556727836,2836.87548828125,1511100
2025-02-25,2857.4290154373216,2942.511378225519,2849.3031718002467,2934.863525390625,2490100
2025-02-26,2953.98320416996,2955.895167408905,2928.171700444203,2948.247314453125,1647600
2025-02-27,2953.9832448349584,2994.1344734055306,2948.2473550391624,2990.310546875,1465200
2025-02-28,2987.4425120167916,2987.4425120167916,2923.391744559151,2944.42333984375,2061900
2025-03-03,2962.586866896272,2977.8825719205834,2946.3351803079413,2949.203125,1093300
2025-03-04,2963.543183262288,3001.7824501430914,2963.543183262288,2985.53076171875,1719200
2025-03-05,2985.5305409001844,2992.222412109375,2941.5553872397913,2992.222412109375,1713900
2025-03-06,3011.3421087855627,3044.801465549847,3004.650237432706,3040.9775390625,1649800
2025-03-07,3044.801435583337,3078.260792018318,3042.8894723584804,3072.52490234375,1843300
2025-03-10,3092.6006012613784,3137.53173828125,3089.732656345216,3137.53173828125,1878700
2025-03-11,3137.531666927402,3157.607280883976,3111.72016326895,3127.015869140625,2316600
2025-03-12,3116.5001174253234,3140.399658203125,3092.600576647522,3140.399658203125,1294900
2025-03-13,3114.588203786168,3144.223634822807,3110.764277200795,3134.663818359375,1899300
2025-03-14,3117.4562169300425,3154.739501953125,3117.4562169300425,3154.739501953125,1173800
2025-03-17,3135.619670624624,3178.6388429350227,3133.707707410829,3177.682861328125,1145400
2025-03-18,3186.286615592805,3231.2177499861027,3185.330634009969,3224.52587890625,1232400
2025-03-19,3209.2304144804907,3248.4256623189476,3207.3184511712975,3234.0859375,1126800
2025-03-21,3239.821732868801,3253.2054756425287,3209.2303208145663,3216.878173828125,1876400
2025-03-24,3222.6139362649355,3251.2933839326747,3211.1421571978403,3250.33740234375,1111300
2025-03-25,3221.6579546760113,3259.897218232996,3214.9660835535387,3250.33740234375,1294500
2025-03-26,3230.262010881614,3257.029497210316,3229.3060292270175,3234.0859375,1262000
2025-03-27,3250.337475420832,3257.029346693758,3220.7020454978774,3251.29345703125,1896200
2025-03-28,3239.6504298908276,3240.620675602086,3191.1381443279224,3215.394287109375,1788100
2025-03-31,3186.2869384014425,3197.929887019231,3130.012686748798,3153.298583984375,2006600
2025-04-01,3187.257121744191,3191.1381045408352,3146.506802379425,3155.239013671875,1259800
2025-04-02,3131.9531954515733,3141.655652686554,3097.024349405645,3106.726806640625,946100
2025-04-03,3069.857527642037,3202.7811942940466,3065.0062989321095,3189.19775390625,2228700
2025-04-04,3230.918196412217,3294.9544129176843,3178.5249283622893,3277.489990234375,3129700
2025-04-07,3081.5003078522695,3207.6322474054164,3065.9763768303437,3163.97119140625,2352000
2025-04-08,3167.8522035965443,3267.7875104787627,3130.012621379005,3255.17431640625,2018900
2025-04-09,3216.3647602879723,3266.8175408415095,3175.614437533193,3254.204345703125,1883400
2025-04-10,3269.728126992985,3327.94287109375,3210.5431371572067,3327.94287109375,2250900
2025-04-11,3261.9662189955225,3333.764404660504,3242.5613039509326,3257.114990234375,1756500
2025-04-14,3293.984094867952,3326.9724481007975,3289.132866451357,3310.478271484375,1280700
2025-04-15,3325.0319903853215,3336.6749387029827,3293.984128204893,3301.74609375,1171100
2025-04-16,3320.1807687745127,3370.633544921875,3302.716346261964,3370.633544921875,1285200
2025-04-17,3383.246736284373,3393.9194389224945,3362.871576702506,3378.3955078125,949200
2025-04-18,3395.8600091134736,3419.145906318823,3373.5443576250136,3414.294677734375,912700
2025-04-21,3423.02690284545,3462.8069773966586,3405.562479871749,3459.896240234375,984500
2025-04-22,3463.7770970164897,3491.9142218942147,3449.223411734908,3471.5390625,1017400
2025-04-23,3471.539337559189,3485.1227782315837,3448.253439263655,3470.569091796875,1080000
2025-04-24,3433.6995866602924,3449.223518106058,3338.615506554978,3345.4072265625,1439100
2025-04-25,3315.3295509032496,3374.514538496196,3310.478322412024,3339.585693359375,1038300
2025-04-28,3320.180890473028,3387.127845891683,3320.180890473028,3366.752685546875,920000
2025-04-30,3410.413849276443,3436.610484818538,3393.9196713425317,3409.443603515625,1561900
2025-05-01,3442.4319742998873,3456.985660775225,3412.3543555841893,3447.283203125,1101100
2025-05-02,3426.9079251314956,3463.7772629443484,3419.145959276158,3435.64013671875,953300
2025-05-07,3480.2714196916486,3520.0514944637025,3471.5392081563195,3489.973876953125,1846000
2025-05-08,3499.676334214602,3510.349037202226,3451.164047907219,3489.973876953125,1074300
2025-05-09,3492.8844327255665,3512.2893462407087,3252.2635051378056,3295.924560546875,3799500
2025-05-12,3128.0721394806474,3181.435653026378,3087.321820045726,3139.715087890625,3870300
2025-05-13,3139.715124371408,3149.417581492457,3107.697015871947,3123.220947265625,1819800
2025-05-14,3110.6077983032765,3119.340009839374,3042.6905974669603,3083.44091796875,1963000
2025-05-15,3075.6788290948107,3090.232514405985,3035.8987559109346,3087.32177734375,1430500
2025-05-16,3114.48876953125,3128.0722096475856,3104.7863123052957,3114.48876953125,1050100
2025-05-19,3104.786242660692,3139.715087890625,3104.786242660692,3139.715087890625,957300
2025-05-20,3135.834158684169,3155.2390730324623,3075.67892420446,3076.649169921875,1457500
2025-05-21,3099.935213190635,3115.459145400666,3090.232755559365,3095.083984375,1077700
2025-05-22,3102.845792915089,3123.2209529060888,3091.202844348804,3107.697021484375,907900
2025-05-23,3107.697018671169,3119.339967226915,3099.935052967339,3115.458984375,738400
2025-05-26,3133.8937091206394,3157.179606649709,3125.1614975472385,3129.04248046875,674600
2025-05-27,3138.744723790928,3144.566197776321,3124.1910388274464,3128.072021484375,728400
2025-05-28,3153.298468338816,3157.179451069079,3126.1315892269736,3133.8935546875,1102700
2025-05-29,3120.3102807900095,3130.0127381307743,3097.0243831721737,3097.99462890625,906600
2025-05-30,3104.7863372093025,3132.9234633902615,3097.994617096657,3129.04248046875,2125600
2025-06-02,3131.9531867541073,3136.8044153581254,3112.5482723380346,3130.0126953125,630900
2025-06-03,3131.953175356814,3161.060546875,3116.429243880448,3161.060546875,795300
2025-06-04,3152.3284402694017,3162.030897764844,3120.31033053444,3127.10205078125,925700
2025-06-05,3120.3102438668225,3146.5068783768984,3113.5185238086547,3114.48876953125,579700
2025-06-06,3113.5187026882763,3129.0426351416927,3107.697228018246,3124.19140625,535800
2025-06-09,3120.310277794049,3133.893718058078,3105.756591796875,3105.756591796875,623700
2025-06-10,3106.7267476679835,3114.488713308628,3083.44085074605,3100.9052734375,902100
2025-06-11,3106.7266241455077,3114.488589477539,3097.024167480469,3104.7861328125,664300
2025-06-12,3097.994438909409,3121.2803350991444,3096.0539475602645,3119.33984375,747000
2025-06-13,3127.1018710001363,3129.0423623876636,3103.8159743498095,3117.3994140625,858600
2025-06-16,3130.0127631969876,3145.5366950665325,3101.8756366834377,3112.54833984375,665100
2025-06-17,3103.8161962431427,3109.637670821904,3090.232755559365,3095.083984375,734600
2025-06-18,3080.529932297986,3102.8455822012465,3070.827475818307,3098.964599609375,710900
2025-06-19,3114.488687716127,3114.488687716127,3071.7978770433824,3086.3515625,650600
2025-06-20,3088.292189673589,3088.292189673589,3042.69063990461,3051.4228515625,1510400
2025-06-23,3042.690735681238,3063.065896857675,3038.809752600012,3040.750244140625,629400
2025-06-24,3065.976621106088,3087.32202796189,3063.0658838075697,3071.798095703125,877900
2025-06-25,3071.7979839803916,3073.7384754421605,3038.8096291303177,3044.631103515625,921200
2025-06-26,3038.8096569455483,3063.065800439686,3038.8096569455483,3051.4228515625,826800
2025-06-27,3052.392940393198,3076.649082640442,3052.392940393198,3064.035888671875,852900
2025-06-30,3065.9764613811967,3092.173095703125,3065.00621566557,3092.173095703125,998800
2025-07-01,3095.0839349287976,3106.726883900317,3061.1253337618673,3065.9765625,748100
2025-07-02,3062.0954452342776,3100.9052734375,3062.0954452342776,3100.9052734375,956300
2025-07-03,3085.381406507474,3094.1136180353255,3071.797966353038,3091.202880859375,1023600
2025-07-04,3097.0242007550532,3100.905183462766,3080.5300242472726,3096.053955078125,522900
2025-07-07,3099.9352229221363,3106.7269432853464,3067.9171126384335,3071.798095703125,551800
2025-07-08,3061.1250425717276,3063.0655338823913,3021.344970703125,3021.344970703125,1579500
2025-07-09,3036.8691993246275,3060.155097338618,3033.9584620728783,3042.690673828125,826100
2025-07-10,3037.839276324262,3043.6607505043785,3001.940185546875,3001.940185546875,1265300
2025-07-11,2999.999778039727,3023.2856754113163,2996.118795144462,3022.3154296875,904400
2025-07-14,3031.0475537455673,3032.0177994413884,3009.7021484375,3009.7021484375,795200
2025-07-15,3010.672576511029,3023.285771320775,3000.9701189650705,3011.642822265625,904800
2025-07-16,2998.0592644260896,3014.5534416090163,2996.118772992804,2999.999755859375,750900
2025-07-17,2999.0294484568167,3007.7616597269916,2987.386500096583,3001.940185546875,749400
2025-07-18,3024.255864886075,3032.9880762380076,2998.059230830276,3008.73193359375,976100
2025-07-22,3002.910607825637,3014.553556870518,2942.75537109375,2942.75537109375,1499700
2025-07-23,2939.8444410542666,2989.3269712502292,2938.8741953641497,2971.862548828125,1718900
2025-07-24,3001.940253010962,3020.3749216622896,2979.62460148567,2984.475830078125,1148900
2025-07-25,2997.089018709447,3018.434424475587,2987.386561543019,2999.999755859375,1263400
2025-07-28,2988.356691996257,3017.4640623728437,2980.5947265625,2980.5947265625,675600
2025-07-29,2959.2494247381255,2979.6245847117325,2938.8742647645186,2946.63623046875,1313500
2025-07-30,2934.023180577143,2967.9817822041937,2926.2612144909604,2965.071044921875,1123200
2025-07-31,2972.8328253847567,2987.3865108876194,2963.130368382848,2970.892333984375,1063700
2025-08-01,2987.386379797482,3008.731784265018,2974.773186248483,2998.05908203125,1113300
2025-08-04,3007.7618114556426,3032.017955096414,2992.237879525549,3004.85107421875,1443200
2025-08-05,3007.7617159221163,3028.1368759332017,3002.9104873480483,3015.523681640625,1278600
2025-08-06,3032.017794077484,3052.3929536536843,2991.2674749250823,3025.22607421875,1805000
2025-08-07,2910.7373046875,2930.1422200520833,2889.3918977864582,2910.7373046875,5765100
2025-08-08,2930.142197534052,2977.684239811922,2920.439739926323,2965.071044921875,2803200
2025-08-12,2965.0709892237837,2973.8032009067074,2947.606565857937,2951.487548828125,1989400
2025-08-13,2959.2495832493696,2970.8925324293673,2934.023193359375,2934.023193359375,1768900
2025-08-14,2942.755253266199,2962.160167564031,2931.1123046875,2931.1123046875,1597100
2025-08-15,2930.14187651385,2937.903841749648,2914.617946042253,2929.171630859375,2113800
2025-08-18,2936.933773338461,2966.0411447293277,2934.9932819124033,2946.63623046875,1282800
2025-08-19,2959.2493802096024,2991.2674882577717,2957.3088888127436,2986.416259765625,1316100
2025-08-20,3034.9286211925632,3051.4227984816534,3028.1369011323495,3030.077392578125,1648200
2025-08-21,3027.1665763731366,3031.0475591633585,2986.416257075806,2994.17822265625,1375800
2025-08-22,2994.178160988605,2997.0888980213226,2981.5649671801634,2996.11865234375,900200
2025-08-25,3024.2559240443707,3036.869118466115,3004.85100954938,3014.553466796875,1606900
2025-08-26,3012.612828862482,3013.5830745400544,2983.505458535308,2996.11865234375,1615000
2025-08-27,2998.059174562682,3015.5235969387754,2986.4162263119533,2995.1484375,1431400
2025-08-28,3006.791506828671,3013.583226915086,2995.148558109102,2999.029541015625,697400
2025-08-29,2988.3568809015287,2992.2378638637383,2966.0412288688226,2967.011474609375,1145000
2025-09-01,2988.3567737725734,3017.4641449456826,2981.565053832181,3008.73193359375,802300
2025-09-02,3027.166827514687,3055.303955078125,3013.583386621993,3055.303955078125,1552900
2025-09-03,3051.4229719659265,3056.2742008561745,3037.8395310732326,3055.303955078125,1053300
2025-09-04,3059.1846829809806,3086.3515625,3043.6607518272554,3086.3515625,895700
2025-09-05,3096.054109485959,3099.935092387226,3079.5599321555733,3091.202880859375,872500
2025-09-08,3104.786099641633,3134.863714981911,3097.9943800486667,3113.518310546875,1164200
2025-09-09,3124.1912637263154,3128.0722466626216,3093.143400235868,3097.99462890625,944400
2025-09-10,3090.232581754701,3095.083810297487,3065.006193332214,3069.857421875,1067200
2025-09-11,3054.333457160514,3083.440828099147,3048.511982972788,3078.589599609375,1232900
2025-09-12,3075.6789950566376,3086.351698194058,3051.4228515625,3051.4228515625,1060300
2025-09-16,3051.4226050215075,3078.5894835399818,3039.7796570850182,3059.1845703125,990800
2025-09-17,3069.857270184969,3080.529972451731,3056.273830936363,3066.946533203125,830600
2025-09-18,3057.244295055974,3073.738472465034,3050.4525749463605,3052.39306640625,899400
2025-09-19,3051.422826602436,3065.976512579872,3036.869140625,3036.869140625,1695700
2025-09-22,3039.7797824358036,3062.0954335676333,3036.8690453316517,3047.541748046875,1010900
2025-09-24,3055.303871720648,3065.9765749880116,3028.1369906764508,3034.9287109375,1214700
2025-09-25,3056.274117472227,3057.244363223805,3032.988219434343,3034.9287109375,1000000
2025-09-26,3032.9882408052504,3057.244384765625,3029.1072577715904,3057.244384765625,1212400
2025-09-29,3066.6177459457667,3072.5378574244264,3021.230224609375,3021.230224609375,1485400
2025-09-30,3029.123742986332,3032.083798761237,3015.310149370108,3025.177001953125,1077900
2025-10-01,3021.230323836589,3041.9507146924243,2999.523247701904,3005.443359375,1329900
2025-10-02,3011.363534588256,3016.2969610865985,2980.776290298533,2985.709716796875,1259500
2025-10-03,2984.723054243755,3001.4967044659516,2974.856201171875,2974.856201171875,1463000
2025-10-06,3015.3103122421617,3026.163850669735,2984.723067582637,2989.656494140625,1601300
2025-10-07,2995.5765426485655,3011.363507300205,2983.736319159836,3009.39013671875,1250000
2025-10-08,3025.17703692287,3040.964001238188,2975.8427734375,2975.8427734375,1504900
2025-10-09,2960.0558495022033,2968.93601705071,2955.1224230863663,2966.962646484375,3046600
2025-10-10,2951.175578137586,2952.162263386044,2908.748112453896,2909.241455078125,3959100
2025-10-14,2883.5877819579214,2925.028564453125,2868.294159846596,2925.028564453125,2677500
2025-10-15,2945.2555427384686,2951.1756543821643,2927.001865170408,2937.362060546875,1830200
2025-10-16,2934.4019028595458,2947.2288109756096,2923.5483652228763,2932.921875,1451200
2025-10-17,2948.708986727967,2968.93603515625,2943.282217637452,2968.93603515625,1391600
2025-10-20,2979.7895464345324,3004.456678441441,2977.81617587398,2992.616455078125,1103100
2025-10-21,2977.8162477713436,3007.416806894319,2975.842877163145,3000.510009765625,1000600
2025-10-22,2993.6032080110103,3027.150508298543,2993.6032080110103,3013.3369140625,1245300
2025-10-23,3015.3101170465725,3024.190284276094,2989.6563006057313,3008.4033203125,1360900
2025-10-24,2992.616324275419,2995.5763799868687,2958.57568359375,2958.57568359375,1745200
2025-10-27,2965.975902656094,2981.7628668751554,2964.989217392403,2973.869384765625,1064800
2025-10-28,2972.8827538092405,2987.6830330349753,2962.0292157103686,2979.78955078125,1193000
2025-10-29,2960.0558444927933,2967.949326744774,2926.508544921875,2926.508544921875,1995800
2025-10-30,2912.6950049419584,2939.8288506858285,2905.788207843518,2932.4287109375,3628900
2025-10-31,2949.6957447928753,2951.1757727631675,2923.548583984375,2923.548583984375,1707800
2025-11-04,2939.8288348079464,2958.0825127552353,2905.788192149489,2950.682373046875,2589100
2025-11-05,3000.5099009541877,3015.310179978954,2969.9226576363385,2988.669677734375,2752400
2025-11-06,2974.8560336800506,3005.443276480741,2965.975866415334,2969.922607421875,1842900
2025-11-07,2985.70953025002,3044.91064453125,2984.7228450119997,3044.91064453125,2201600
2025-11-10,3048.857432054051,3076.484619140625,3039.977264776224,3076.484619140625,1988500
2025-11-11,3056.7509501308755,3085.364822808021,3038.003930101022,3080.431396484375,1408500
2025-11-12,3087.3383428125003,3112.005475625,3058.72446875,3083.3916015625,2281200
2025-11-13,3083.3914440499175,3115.952057699085,3080.4313882636297,3106.085205078125,3060200
2025-11-14,3096.218433782683,3147.526068759324,3050.830910534116,3141.60595703125,3086400
2025-11-17,3152.459513346354,3164.2997368706597,3101.1518780743636,3143.579345703125,2881500
2025-11-18,3136.672508160945,3155.4195284991197,3110.0320055751176,3152.45947265625,2134200
2025-11-19,3154.432861328125,3167.259770054201,3117.925505723139,3154.432861328125,2528800
2025-11-20,3110.0319239177747,3151.472704629877,3086.351477796574,3116.938720703125,2798400
2025-11-21,3157.392885220126,3170.2197938163326,3118.9121594315056,3137.6591796875,22936200
2025-11-25,3106.0853617721546,3193.900354528737,3106.0853617721546,3189.95361328125,3790800
2025-11-26,3196.8604048295456,3256.0615234375,3194.8870342092805,3256.0615234375,3123700
2025-11-27,3279.741934176772,3325.129457934934,3273.8218223822296,3305.395751953125,2540800
2025-11-28,3315.262410952805,3350.783079641585,3311.315669987385,3324.142578125,3465800
2025-12-01,3315.262457126524,3320.19588340201,3236.32763671875,3236.32763671875,2004200
2025-12-02,3203.766976868578,3248.167812704453,3187.9800130158224,3204.753662109375,2029900
2025-12-03,3178.1132684438503,3216.593994140625,3171.2064715239167,3216.593994140625,1842600
2025-12-04,3182.060009540955,3216.593994140625,3169.2331009753643,3216.593994140625,1544700
2025-12-05,3206.727263583069,3216.5941167017863,3174.166648291303,3189.95361328125,1447600
2025-12-08,3215.6073632665425,3286.648704216279,3200.8070839020143,3275.795166015625,1849500
2025-12-09,3304.408957854512,3323.1559779199747,3271.848344056602,3293.555419921875,1412600
2025-12-10,3315.2625374113213,3361.63674552392,3310.3291110163636,3337.956298828125,1995200
2025-12-11,3339.9296588776365,3344.863085257072,3257.048095703125,3257.048095703125,1711900
2025-12-12,3256.0613783210265,3273.821713111868,3240.2744140625,3240.2744140625,1604200
2025-12-15,3278.755212978767,3319.209309798547,3274.8084718256173,3301.448974609375,1364500
2025-12-16,3319.209310087316,3393.2107067153033,3306.382401338465,3354.72998046875,1761000
2025-12-17,3361.636700609742,3388.277202786573,3342.88968055938,3359.663330078125,1320600
2025-12-18,3396.170607473424,3403.0774041765944,3364.5966796875,3364.5966796875,1832500
2025-12-19,3354.7300479803057,3375.450439453125,3340.9164536650924,3375.450439453125,2410900
2025-12-22,3359.6633342526993,3372.4902427241486,3320.1959235713166,3346.83642578125,1064000
2025-12-23,3403.0776319939027,3449.451841533976,3402.090946684539,3415.904541015625,1443400
2025-12-24,3416.891082589286,3457.3451785714283,3414.917712053571,3453.3984375,1007500
2025-12-25,3434.651457752412,3460.305275018015,3428.7313460757346,3444.518310546875,715200
2025-12-26,3438.5981902772473,3480.0389719104305,3438.5981902772473,3470.172119140625,921600
2025-12-29,3470.1721010124024,3470.1721010124024,3442.5449134012715,3468.19873046875,1007900
2025-12-30,3470.1720729745784,3482.012296140827,3438.59814453125,3438.59814453125,1050200
2026-01-05,3453.3985772461215,3482.012451171875,3444.51840947606,3482.012451171875,1263800
2026-01-06,3469.1853975968725,3477.078879730199,3432.6780427302388,3466.225341796875,1279400
2026-01-07,3413.93107616688,3472.1455078125,3407.024279191975,3472.1455078125,883300
2026-01-08,3466.225265181966,3479.0521733651044,3452.4116717539705,3471.15869140625,851400
2026-01-09,3482.012446484816,3510.626320372053,3469.185537500882,3494.83935546875,1091900
2026-01-13,3494.8391880146487,3513.5862079390636,3479.0522238677727,3489.90576171875,1083400
2026-01-14,3475.105486901204,3489.905765806235,3451.425040653155,3477.078857421875,1135600
2026-01-15,3501.7460351178024,3516.546314218047,3471.1587916439644,3508.65283203125,912100
2026-01-16,3482.99905523704,3508.6528726410525,3459.3186084025674,3499.772705078125,799400
2026-01-19,3538.253481094613,3606.3347667040744,3532.333369302486,3571.80078125,1537400
2026-01-20,3601.4012687436993,3691.189629142515,3595.481157069052,3670.46923828125,1975100
2026-01-21,3646.788762762995,3653.6955596621674,3562.9205147016164,3587.587646484375,1312500
2026-01-22,3587.587668911638,3592.52109529903,3551.0803136449354,3576.734130859375,1262500
2026-01-23,3651.722231043386,3672.4426219787847,3619.16161671633,3631.988525390625,1424700
2026-01-26,3626.068427345969,3662.575782941017,3611.26814805068,3646.788818359375,1262500
2026-01-27,3655.669035674104,3665.535888671875,3611.2681971841353,3665.535888671875,1146000
2026-01-28,3621.1350598026993,3648.762248269859,3581.667647706757,3586.60107421875,951600
2026-01-29,3552.0670572916665,3579.6942455150465,3530.35998083044,3569.827392578125,1030000
2026-01-30,3569.8273158251104,3580.680853822367,3543.1868134682063,3574.7607421875,1434900
2026-02-02,3655.668931418318,3665.5357841346968,3617.1882058244414,3640.86865234375,1313600
2026-02-03,3606.3347969819138,3696.1231599163466,3604.3614263679697,3695.136474609375,1206800
2026-02-04,3686.256171812616,3723.750212104073,3671.4558927501994,3706.9765625,1022100
2026-02-05,3734.603701241409,3761.24420320535,3722.763478146323,3741.510498046875,1261000
2026-02-06,3754.337365989213,3760.2574774730338,3724.7368085701128,3750.390625,1422800
2026-02-09,3774.0712844188665,3848.0726821525695,3765.191116690822,3786.898193359375,1578100
2026-02-10,3769.137655015588,3808.6050650157513,3762.23085826556,3778.017822265625,1154800
2026-02-12,3785.911358809689,3803.6716935656377,3732.630354541843,3783.93798828125,1885500
2026-02-13,3714.8700117157146,3856.9526894546425,3657.642266515313,3809.591796875,2802700
2026-02-16,3847.085818498053,3847.085818498053,3780.977906254049,3807.618408203125,1104400
2026-02-17,3803.6718388638906,3817.4854330906337,3772.097909202764,3799.72509765625,1134700
2026-02-18,3799.72508877957,3808.6052564760166,3772.097900390625,3772.097900390625,980800
2026-02-19,3779.004670339713,3808.605229115219,3751.37748214924,3795.7783203125,1005100
2026-02-20,3795.7782977842303,3816.498688804109,3766.1777391844057,3806.6318359375,1051200
2026-02-24,3834.258952281514,3856.9527134504474,3793.80485628472,3852.019287109375,1038900
2026-02-25,3871.753020293832,3897.406837451743,3837.219035658184,3881.619873046875,1158700
2026-02-26,3873.726499020963,3902.340372803848,3844.1259399352193,3893.460205078125,1839200
2026-02-27,3902.340252186899,3973.381591796875,3886.5532878291265,3973.381591796875,1822700
2026-03-02,3948.714477993531,4010.875650435709,3915.167178580293,3975.35498046875,1570400
2026-03-03,3927.994108783249,3958.581352534135,3898.393550314649,3911.220458984375,1312900
2026-03-04,3842.15245250696,3871.753010692684,3805.6450974112345,3853.99267578125,1454500
2026-03-05,3907.27359001616,3936.874147516282,3778.017822265625,3778.017822265625,1204900
2026-03-06,3749.404107128401,3809.5919099007247,3720.790233679262,3808.605224609375,1249400
2026-03-09,3774.071163360082,3835.2456501910174,3726.7102703296814,3813.53857421875,1670400
2026-03-10,3882.6066719560654,3897.406951518795,3826.365609617693,3827.352294921875,1431000
2026-03-11,3867.8062781894328,3879.6465014900127,3810.57853223663,3828.3388671875,1075900
2026-03-12,3813.5386197641014,3845.112548828125,3789.858172966084,3845.112548828125,1451600
2026-03-13,3848.0726678266506,3927.994177081512,3839.192500131666,3878.659912109375,1780400
2026-03-16,3944.767840332031,3946.7412109375,3899.38031640625,3946.7412109375,1500700
2026-03-17,3971.4083430210712,4022.7159787569954,3965.4882312053874,4000.022216796875,1370900
2026-03-18,3961.541302159502,4005.942138671875,3944.767652810383,4005.942138671875,1036700
2026-03-19,3946.741179371342,3967.461570563041,3862.8729293097,3876.6865234375,1664400
2026-03-23,3864.846286216301,3865.83297150765,3800.711742278578,3808.605224609375,1585200
2026-03-24,3833.272276652308,3901.3535603303026,3833.272276652308,3879.646484375,872600
2026-03-25,3936.8741482891614,3938.847518789557,3892.473312030261,3897.40673828125,886300
2026-03-26,3890.49999008471,3894.446731134758,3838.205671171576,3862.872802734375,1203200
2026-03-27,3879.646462084707,3900.366852650266,3833.2722546284554,3890.5,1587800
2026-03-30,3853.0,3897.0,3790.0,3878.0,1271500
2026-03-31,3890.0,3917.0,3859.0,3859.0,1193300
2026-04-01,3885.0,3923.0,3876.0,3923.0,1340300
2026-04-02,3920.0,3967.0,3907.0,3949.0,1208000
2026-04-03,3911.0,3977.0,3910.0,3977.0,1056000
2026-04-06,3988.0,4014.0,3968.0,3968.0,768100
2026-04-07,4000.0,4031.0,3983.0,4022.0,929200
2026-04-08,4050.0,4062.0,3990.0,4008.0,1236300
2026-04-09,4030.0,4052.0,3960.0,3978.0,1069300
2026-04-10,3984.0,3984.0,3888.0,3903.0,890400
2026-04-13,3892.0,3928.0,3882.0,3905.0,820900
2026-04-14,3873.0,3920.0,3826.0,3840.0,842000
2026-04-15,3843.0,3936.0,3843.0,3923.0,1124700
2026-04-16,3899.0,3910.0,3850.0,3870.0,1222900
2026-04-17,3880.0,3898.0,3813.0,3814.0,961100
2026-04-20,3823.0,3831.0,3760.0,3766.0,1201700
2026-04-21,3760.0,3770.0,3732.0,3732.0,915700
2026-04-22,3726.0,3731.0,3676.0,3682.0,896500
2026-04-23,3647.0,3679.0,3630.0,3666.0,1017300
2026-04-24,3688.0,3747.0,3677.0,3731.0,922300
2026-04-27,3681.0,3730.0,3676.0,3702.0,640600
2026-04-28,3720.0,3741.0,3710.0,3739.0,611000
2026-04-30,3704.0,3744.0,3692.0,3709.0,943000
2026-05-01,3686.0,3730.0,3670.0,3714.0,724100
2026-05-07,3650.0,3707.0,3638.0,3654.0,1051300
2026-05-08,3682.0,3713.0,3625.0,3670.0,870000
2026-05-11,3646.0,3692.0,3608.0,3608.0,1218700
2026-05-12,3600.0,3662.0,3590.0,3595.0,1028300
2026-05-13,3600.0,3662.0,3596.0,3611.0,1043900
2026-05-14,3595.0,3601.0,3510.0,3589.0,1637600
2026-05-15,3550.0,3743.0,3550.0,3701.0,2532100
2026-05-18,3728.0,3731.0,3617.0,3634.0,1159500
2026-05-19,3688.0,3810.0,3678.0,3810.0,1546500
2026-05-20,3818.0,3837.0,3758.0,3813.0,1052700
2026-05-21,3777.0,3806.0,3713.0,3713.0,666900
2026-05-22,3700.0,3713.0,3657.0,3713.0,758400
2026-05-25,3690.0,3690.0,3604.0,3646.0,972700
2026-05-26,3624.0,3641.0,3591.0,3640.0,811300
2026-05-27,3637.0,3737.0,3630.0,3728.0,1273300
2026-05-28,3814.0,3830.0,3766.0,3783.0,1105000
2026-05-29,3730.0,3807.0,3730.0,3768.0,1384300
2026-06-01,3742.0,3762.0,3718.0,3747.0,973300
2026-06-02,3683.0,3734.0,3647.0,3670.0,918100
2026-06-03,3688.0,3747.0,3647.0,3730.0,861200
2026-06-04,3745.0,3750.0,3656.0,3669.0,650200
2026-06-05,3705.0,3712.0,3656.0,3674.0,663900
2026-06-08,3727.0,3737.0,3671.0,3717.0,1087700
2026-06-09,3690.0,3722.0,3666.0,3703.0,873500
2026-06-10,3715.0,3763.0,3711.0,3763.0,899600
2026-06-11,3810.0,3820.0,3748.0,3772.0,668200
2026-06-12,3770.0,3792.0,3687.0,3727.0,1079500
2026-06-15,3756.0,3756.0,3664.0,3664.0,1047900
2026-06-16,3637.0,3653.0,3596.0,3617.0,1103900
2026-06-17,3651.0,3690.0,3587.0,3590.0,1107100
2026-06-18,3599.0,3655.0,3572.0,3642.0,1071800
2026-06-19,3605.0,3627.0,3573.0,3581.0,1204500
2026-06-22,3581.0,3595.0,3550.0,3578.0,668600
2026-06-23,3648.0,3716.0,3633.0,3704.0,1342600
2026-06-24,3688.0,3772.0,3684.0,3720.0,1206400
2026-06-25,3720.0,3775.0,3702.0,3750.0,1044700
2026-06-26,3780.0,3807.0,3750.0,3795.0,513100
