Date,Open,High,Low,Close,Volume
2018-07-13,575.8197873137718,580.5525526889535,574.2421988553779,576.6085815429688,1812100
2018-07-16,576.6085815429688,576.6085815429688,576.6085815429688,576.6085815429688,0
2018-07-17,576.6087724946349,587.6518953604691,575.8199780042181,582.9191284179688,2085200
2018-07-18,588.4405797495124,591.5957571208235,580.5526363212348,581.3414306640625,1974600
2018-07-19,582.918932545362,587.6516978975571,580.5525498692646,584.4965209960938,2026500
2018-07-20,584.4966718329758,588.4406439775978,576.6087275437319,577.3975219726562,2158900
2018-07-23,574.2422101179326,581.34135831994,573.453415873265,578.9749755859375,1649700
2018-07-24,582.9190044608167,590.0181533649403,578.9750328474147,586.8629760742188,1421500
2018-07-25,591.595728979034,593.9621118949501,587.6517574525071,588.4405517578125,1156400
2018-07-26,597.9061237970989,607.3716560999553,595.5397407213848,605.7940673828125,1866100
2018-07-27,610.5268925793883,612.1044814491025,605.0053315353887,609.7380981445312,1558900
2018-07-30,610.5268925793883,616.8372480582451,607.37171483996,609.7380981445312,1737900
2018-07-31,605.7940715699209,605.7940715699209,592.3845673815242,597.9061279296875,2771700
2018-08-01,595.5397512197173,597.1173399646702,584.4966300050471,586.07421875,1697700
2018-08-02,578.186279296875,585.2854287016115,575.0311017836588,578.186279296875,2257300
2018-08-03,568.720740169949,570.2983289082845,552.944852786594,567.9319458007812,3848100
2018-08-06,569.5095348664146,591.5957772158047,568.7207404967935,590.0181884765625,3186000
2018-08-07,591.5958596793663,595.5398320772288,585.2855038427864,594.7510375976562,1549200
2018-08-08,592.3846836166895,597.1174507294726,586.863121985109,587.6519165039062,1958800
2018-08-09,580.552726326408,580.552726326408,571.8759872101166,574.2423706054688,2071200
2018-08-10,575.0310860966028,575.0310860966028,560.8327876744645,561.62158203125,1969700
2018-08-13,556.1000277766881,561.6215883361729,546.6344953889998,549.7896728515625,2570500
2018-08-14,555.3113215782123,566.3544444505063,553.733732596456,564.77685546875,1703600
2018-08-15,567.9319877247884,567.9319877247884,556.8888657412509,559.2552490234375,1517300
2018-08-16,556.8889840604211,565.5657246052718,556.1001894654346,563.1993408203125,2240900
2018-08-17,569.509680802217,571.0872699457134,565.5657079434759,568.7208862304688,1506300
2018-08-20,572.6646968626419,575.0310799075288,567.931930772868,573.4534912109375,1097000
2018-08-21,571.8760004385115,577.3975618220558,569.5096169884212,572.664794921875,1320600
2018-08-22,574.2424182630565,575.8200073242188,565.5656784266641,575.8200073242188,2703200
2018-08-23,595.5397005055609,597.1172891161716,581.341403010064,588.4405517578125,2731800
2018-08-24,593.173368102288,593.173368102288,583.7078356325707,586.07421875,1940300
2018-08-27,588.4406450486341,597.1173837825952,585.2854673271937,595.539794921875,1911000
2018-08-28,603.4276884778509,605.7940715699209,597.9061279296875,597.9061279296875,1706900
2018-08-29,599.4837492106013,608.160487686018,598.6949548037453,605.0053100585938,1760800
2018-08-30,605.0053280861962,605.7941225165563,593.1734116307947,595.539794921875,2204000
2018-08-31,593.962132241011,602.6388698965901,593.962132241011,597.1173095703125,2047000
2018-09-03,594.7509457150021,595.5397400727144,582.9190303493191,583.7078247070312,1455900
2018-09-04,582.1301383199963,586.8629036721914,579.7637556438987,584.4965209960938,1708100
2018-09-05,579.7639052594294,582.1302885462026,575.8199331148074,577.3975219726562,2084100
2018-09-06,573.4535894052384,575.8199728553288,569.5096169884212,572.664794921875,1870100
2018-09-07,567.9320916587205,572.6648590892099,564.7769133717277,568.7208862304688,2327700
2018-09-10,566.3544390549672,578.1863563054192,565.5656445716038,572.664794921875,1880500
2018-09-11,575.8198742558245,579.7638459973027,571.8759025143462,573.4534912109375,1685700
2018-09-12,571.8759898163306,573.453578753755,563.9880451292088,570.2984008789062,2374100
2018-09-13,571.8760055521344,584.4967173988022,571.0872110617177,582.9191284179688,1680100
2018-09-14,586.8629631472018,594.7509062002555,585.285374536591,588.4405517578125,2687300
2018-09-17,588.4405517578125,588.4405517578125,588.4405517578125,588.4405517578125,0
2018-09-18,586.862906522529,613.6819103152253,586.862906522529,610.5267333984375,2742600
2018-09-19,620.7810909832795,623.1474737951597,615.2595310888919,621.5698852539062,2867100
2018-09-20,624.7250847420104,628.6690562365937,617.6259360517603,626.3026733398438,2453900
2018-09-21,631.0354963463931,638.13464568029,628.6691132350941,634.190673828125,3172700
2018-09-24,634.190673828125,634.190673828125,634.190673828125,634.190673828125,0
2018-09-25,638.9234774198806,639.7122718364483,628.6691500044997,633.4019165039062,2455300
2018-09-26,630.6150146484375,636.98486328125,625.8376281738282,636.98486328125,2052800
2018-09-27,634.5961392559583,639.3735254987886,627.4300598917129,629.0225219726562,2133600
2018-09-28,634.596268316712,637.7811931263317,629.8188811022826,630.6151123046875,2001100
2018-10-01,628.2264958033871,632.2076523040423,621.8566454023388,626.634033203125,1951800
2018-10-02,626.6338930801606,629.8188175684969,620.2640441034881,621.8565063476562,2226800
2018-10-03,621.8565891922899,625.0415141049265,616.2829705951759,619.4678955078125,1592600
2018-10-04,547.8070737092391,555.769385827106,543.029686438519,549.3995361328125,11684500
2018-10-05,547.8070601851853,549.3995225694445,533.4748987268518,537.4560546875,6216500
2018-10-08,537.4560546875,537.4560546875,537.4560546875,537.4560546875,0
2018-10-09,534.2711573750753,543.825932171649,533.4749261420276,536.6598510742188,3833400
2018-10-10,536.6597745780215,542.2333924148852,536.6597745780215,540.6409301757812,2887500
2018-10-11,525.5125732421875,531.086191443241,522.3276485558712,525.5125732421875,4739100
2018-10-12,519.9389866286058,521.5314490685096,510.3842119891827,517.55029296875,5459300
2018-10-15,517.5502415207644,517.5502415207644,509.5879301127527,511.97662353515625,3342400
2018-10-16,513.5690368935351,519.1426543481937,513.5690368935351,515.1614990234375,3175700
2018-10-17,519.9389924593498,523.1239173748742,516.7540675438255,519.1427612304688,4026100
2018-10-18,519.1427354927523,531.8824345232492,519.1427354927523,528.697509765625,5508500
2018-10-19,522.3276092204148,523.9200714436478,515.1615292158664,523.1238403320312,6799800
2018-10-22,518.346490657201,523.9201088363106,511.1804101412028,516.7540283203125,18168300
2018-10-23,513.5691412153557,518.3465285754985,507.99552262852234,510.38421630859375,21712100
2018-10-24,509.5879360465116,517.5502475472384,506.40301144622094,513.569091796875,12515700
2018-10-25,504.0142946380177,505.6067568643621,497.6444457326399,499.2369079589844,10888000
2018-10-26,502.4218954247741,515.1615948333263,499.236970572636,507.9955139160156,13407100
2018-10-29,512.7728358810169,525.5125336668807,511.180373657784,523.1238403320312,17277400
2018-10-30,515.1615395197792,517.5502329024058,495.2557613312253,501.6256103515625,44201000
2018-10-31,503.21802986193006,508.7916472812869,499.23687456238946,506.4029541015625,8310800
2018-11-01,504.0142910133574,515.1615265176023,504.0142910133574,514.3652954101562,5615700
2018-11-02,517.5502753405838,518.3465065334154,508.7917322194354,512.7728881835938,4897500
2018-11-05,505.6068202769121,511.9766699811882,504.0143578508431,507.9955139160156,4146900
2018-11-06,507.99544655058776,514.3652954101562,507.99544655058776,514.3652954101562,3803600
2018-11-07,517.5501922182912,523.1238096729497,511.97657476363264,515.1614990234375,6067700
2018-11-08,521.5314313047421,522.3276624975738,510.38419460509874,512.7728881835938,4655300
2018-11-09,518.3464763653391,523.9200943907729,503.21808458201895,504.810546875,5868400
2018-11-12,500.8293792240204,506.4029971168155,500.0331480964782,501.6256103515625,3655800
2018-11-13,496.0519959577232,500.0331516235155,492.0708402919309,494.45953369140625,5454900
2018-11-14,493.6633031067794,494.45953424082256,483.3122983642179,486.4972229003906,4884800
2018-11-15,479.33110961914065,486.4971893310547,479.33110961914065,485.7009582519531,4067600
2018-11-16,483.3123836423376,488.8860025640779,481.71992109326897,484.90484619140625,3003000
2018-11-19,485.70107172505664,488.8859967855488,480.12745286919534,483.3123779296875,2690400
2018-11-20,483.31230429918503,491.2746157373923,482.51607315536427,488.0896911621094,2648300
2018-11-21,481.7198426608818,485.70099838535185,477.7386869364117,480.12738037109375,3129100
2018-11-22,484.90476009350465,495.2557648245647,482.5160666940293,494.45953369140625,3760000
2018-11-23,494.45953369140625,494.45953369140625,494.45953369140625,494.45953369140625,0
2018-11-26,495.2558898925781,501.6257405664377,490.4785018871835,495.2558898925781,2755500
2018-11-27,498.4407406946656,506.4030528463376,495.2558158339968,500.033203125,2716100
2018-11-28,503.2181002521363,509.58794962241655,500.03317556699625,500.8294067382813,3172700
2018-11-29,502.4218954247741,509.58797634208463,502.4218954247741,507.9955139160156,2622800
2018-11-30,505.60678694648686,507.9954804281238,501.6256311437586,507.1992492675781,5340700
2018-12-03,510.3841186427921,510.3841186427921,504.810501122512,508.7916564941406,2644200
2018-12-04,505.6067886228886,507.1992509492599,490.4783965223612,491.2746276855469,3458200
2018-12-05,485.70100069822627,490.47838759034,483.31230725216943,488.8859252929687,3674400
2018-12-06,486.4971893310547,491.2745758056641,482.5160339355469,485.7009582519531,2967300
2018-12-07,482.51607315536427,489.6821534497509,478.5349174362606,488.0896911621094,4399400
2018-12-10,480.12738037109375,489.682154109822,479.3311492261997,480.12738037109375,3334400
2018-12-11,484.10853609556386,485.70099838535185,477.7386869364117,480.12738037109375,3233300
2018-12-12,480.1273797239021,490.4783845935716,478.5349174362606,488.0896911621094,5073800
2018-12-13,488.8859967855488,490.4784593157949,482.5161466645645,483.3123779296875,3026100
2018-12-14,479.3312030339645,486.4972841424457,469.77642822265625,469.77642822265625,5854200
2018-12-17,465.7951752020388,473.7574858892532,464.9989441333174,468.1838684082031,4133900
2018-12-18,461.81408498324913,461.81408498324913,449.8706172681651,453.0555419921875,5107600
2018-12-19,453.055493261632,453.055493261632,441.1120268311848,448.2781066894531,4174800
2018-12-20,443.5007048558145,444.2969359237783,433.1497009722856,436.3346252441406,5712900
2018-12-21,430.7610357237496,432.353497963024,418.8175689291909,419.6138000488281,6443700
2018-12-24,419.6138000488281,419.6138000488281,419.6138000488281,419.6138000488281,0
2018-12-25,406.8741307315148,408.4665930827144,398.9118189755165,402.8929748535156,5003500
2018-12-26,410.855261136206,416.4288790198367,404.48541212634234,412.4477233886719,5881000
2018-12-27,428.3723842881744,435.5384650662293,424.3912283003661,430.7610778808594,4918000
2018-12-28,428.37229632275574,433.9459135611559,427.57606528869854,431.5572204589844,3773700
2018-12-31,431.5572204589844,431.5572204589844,431.5572204589844,431.5572204589844,0
2019-01-04,420.4100431453036,424.3911988569069,415.63265629137976,422.7987365722656,4070600
2019-01-07,434.742196505187,441.9082766673604,433.9459653760566,437.1308898925781,4108500
2019-01-08,445.889425774237,448.278119126599,439.51957683460506,443.500732421875,3399800
2019-01-09,451.46308662292154,454.6480113962755,445.8894682695521,446.6856994628906,2763500
2019-01-10,441.9082611304328,445.0931855349765,439.519567827025,441.1120300292969,3435400
2019-01-11,448.2782011099741,449.8706636361197,443.5008135315374,449.0744323730469,3983900
2019-01-15,445.0931823080005,449.8705688801794,441.1120268311848,448.2781066894531,3224000
2019-01-16,449.87065206255227,449.87065206255227,442.704570879255,445.8894958496094,2919000
2019-01-17,449.87057495117193,453.8517304817133,447.4818816328471,449.8705749511719,2467800
2019-01-18,447.48190243594297,457.0366761534364,446.6856712928185,455.4442138671875,2728000
2019-01-21,461.0177856127973,464.20270986573536,457.83286135985907,459.4253234863281,2187200
2019-01-22,464.9989409289699,467.38763411867353,455.4441681701555,459.4253234863281,2663900
2019-01-23,458.6292227909483,465.7953043970568,458.6292227909483,461.8141479492187,3421500
2019-01-24,466.59136649889825,469.7762905023037,461.8139804937901,465.7951354980469,3418600
2019-01-25,469.776330545646,470.57256161436743,463.4064819958745,468.1838684082031,2307500
2019-01-28,468.1838094286351,468.9800403970511,459.42526877605854,461.0177307128906,2299100
2019-01-29,461.8140829763105,469.7763947517641,460.22162062121976,468.9801635742187,3877700
2019-01-30,470.57261098574287,471.368842138003,461.01783715862115,464.9989929199219,2561000
2019-01-31,472.1650360210522,476.1461914681099,468.9801116634059,471.3688049316406,2922100
2019-02-01,471.368842138003,474.55376674704354,461.8140683108813,464.9989929199219,3010200
2019-02-04,469.7764266967773,480.12743270874023,469.7764266967773,477.7387390136719,3016500
2019-02-05,484.1086091948105,491.27469058091793,480.12745286919534,483.3123779296875,4376300
2019-02-06,484.108538400855,492.8670810363968,482.5160761034838,488.8859252929687,3752600
2019-02-07,484.10857570132015,485.7010381213903,477.7387260210396,482.51611328125,2767600
2019-02-08,471.3688502735029,479.33116193352834,471.3688502735029,475.3500061035156,4091100
2019-02-12,474.55372314453126,485.7009582519531,470.57256774902345,485.7009582519531,4092200
2019-02-13,485.7010439822548,489.68220008047,481.7198878840396,484.1085815429687,3891700
2019-02-14,486.497240706433,492.07085884873254,485.7010095432473,491.2746276855469,3305000
2019-02-15,484.9048404599336,485.70107172505664,475.35006527845707,483.3123779296875,3820500
2019-02-18,491.27453924382775,492.867001283516,487.2933841446071,492.0707702636719,2188500
2019-02-19,488.08980788448616,497.64458389527545,484.108651213324,495.2558898925781,2390300
2019-02-20,493.6633025582478,495.2557648245647,489.6821468924555,494.45953369140625,2842500
2019-02-21,490.4784240722656,493.6633489039037,488.089730448537,490.4784240722656,2417600
2019-02-22,485.7010095432473,492.07085884873254,483.3123160536904,491.2746276855469,2414900
2019-02-25,496.8482458278464,496.8482458278464,490.4783965223612,491.2746276855469,1621400
2019-02-26,492.0708402919309,495.2557648245647,488.885915759297,494.45953369140625,2032400
2019-02-27,496.84835256104304,499.2370465637403,494.4596585583457,495.2558898925781,2049500
2019-02-28,494.4595463450362,496.8482398056402,487.2934659632241,489.6821594238281,3446200
2019-03-01,490.47844430301967,496.8482942290329,489.682213062268,496.0520629882813,1996900
2019-03-04,500.8294155748584,503.2181091308594,496.84825964819026,503.2181091308594,2786900
2019-03-05,502.42191291429447,503.21814415504616,496.0520629882813,496.0520629882813,2353600
2019-03-06,496.8482360839844,497.6444672315548,492.8670803461319,496.8482360839844,1662800
2019-03-07,492.0708279404344,500.0331390721566,491.2745968272621,499.2369079589844,2391900
2019-03-08,507.1992129394531,507.9954440429688,494.45951528320313,497.6444396972656,5774800
2019-03-11,501.6257160817544,507.9955664446974,498.440790900283,505.60687255859375,2715600
2019-03-12,511.9766569907621,517.5502753405838,508.7917322194354,512.7728881835938,2697300
2019-03-13,514.3653636202916,515.9578260463608,505.6068202769121,507.9955139160156,2393100
2019-03-14,514.365362285096,520.7352119728371,514.365362285096,515.9578247070312,2969300
2019-03-15,520.7351744116806,525.5125613328887,520.7351744116806,522.32763671875,5113600
2019-03-18,525.5124660812262,525.5124660812262,519.1426180075143,521.5313110351562,1767100
2019-03-19,519.9388977144537,521.5313598820325,515.9577422955069,518.346435546875,1373500
2019-03-20,521.5314114927158,523.9201049804688,516.75402451721,523.9201049804688,2965000
2019-03-22,527.1048920920532,528.6973540016968,521.5312754083003,527.901123046875,3093800
2019-03-25,521.5313598820325,521.5313598820325,515.1615112117175,518.346435546875,1785100
2019-03-26,526.3087614592132,532.6786103119722,524.7162992460234,530.2899169921875,3202300
2019-03-27,535.931349853885,538.3490852667596,527.0663200066779,532.7077026367188,2443800
2019-03-28,534.3194791889625,535.1253909222793,525.454450122479,529.4840087890625,1881000
2019-03-29,535.1253732179947,535.9312849246483,530.2899029780731,533.5135498046875,2748500
2019-04-01,539.9608871711605,542.3786224868522,535.125416539777,537.5431518554688,2300600
2019-04-02,543.1846604567307,543.1846604567307,523.8427734375,523.8427734375,2237200
2019-04-03,519.0072150894358,519.0072150894358,509.3362731933594,509.3362731933594,2442600
2019-04-04,500.47115121236664,503.69479791904854,494.0238577990028,495.63568115234375,2565100
2019-04-05,493.2179753230168,505.30665118877704,493.2179753230168,502.888916015625,2558200
2019-04-08,503.6949012162007,507.7244604259303,500.471253848417,506.9185485839844,1247200
2019-04-09,504.50086566073935,506.1126895126906,501.27721795683686,502.0831298828125,1250300
2019-04-10,498.05362324218754,507.72456738281255,497.2477112304688,503.6950073242187,1445700
2019-04-11,504.5009193359375,504.5009193359375,500.47135927734377,503.6950073242187,1466800
2019-04-12,502.08299379485646,507.72437574760767,496.44161184210526,505.306640625,2553500
2019-04-15,510.9480590820313,514.1717061424857,508.5303237866904,510.9480590820313,1904500
2019-04-16,515.7835513565892,520.6190221505572,513.3658159596051,519.8131103515625,2439500
2019-04-17,514.9776559660706,515.7835677907437,509.3362731933594,509.3362731933594,2026300
2019-04-18,505.3066487993513,506.1125605199245,494.82979643190066,496.4416198730469,2561200
2019-04-19,494.0239942085528,496.4417299061477,487.5766990149665,492.41217041015625,1791400
2019-04-22,489.188557350134,499.6654127793791,486.7708214818467,498.0535888671875,1540700
2019-04-23,498.05342234522584,506.9184508982962,498.05342234522584,501.2770690917969,2085500
2019-04-24,504.50070959571906,504.50070959571906,493.2179461223323,495.63568115234375,2880300
2019-04-25,500.4711299351283,510.9479812864273,497.2474833654979,507.7243347167969,2590000
2019-04-26,506.9185288889339,507.7244406995682,499.6653225932258,504.5007934570313,1971200
2019-05-07,503.69479791904854,506.9184446257304,492.41203444566185,495.63568115234375,3946500
2019-05-08,485.9647390308189,489.188385724224,479.5174456440087,481.9351806640625,2713900
2019-05-09,480.3233807373047,485.9647627258301,476.2938221740723,483.5470275878906,2318700
2019-05-10,481.93527584619056,488.3825705063403,477.905716683597,481.1293640136719,2691300
2019-05-13,497.24751065858305,505.3066275250107,493.2179522253693,501.2770690917969,4518000
2019-05-14,493.21804727090375,507.7244604259303,493.21804727090375,506.9185485839844,4392500
2019-05-15,509.3362005956425,519.8130528230845,505.30664204662634,519.0071411132812,3582400
2019-05-16,506.9184723375742,519.0071481484862,502.8889137339369,517.3953247070312,2595300
2019-05-17,515.783454153605,519.81301238918,510.94798427091496,514.171630859375,2649000
2019-05-20,511.7539357250522,522.2307879524942,511.7539357250522,519.0071411132812,2476700
2019-05-21,515.7835514530254,518.2012868504615,505.3066980641359,506.1126098632813,2638700
2019-05-22,506.11259585058747,523.0367431640625,502.8889487432589,523.0367431640625,3734900
2019-05-23,519.8130089128521,522.2307438380282,510.9479808538732,514.9775390625,2690300
2019-05-24,513.3657943773721,513.3657943773721,504.50076496112234,510.9480590820313,2672000
2019-05-27,517.3953496016856,518.2012613611897,509.3362320066437,511.75396728515625,1525600
2019-05-28,510.1422580018336,517.3954654615753,510.1422580018336,513.3659057617188,2420200
2019-05-29,506.112562913161,509.3362098106971,499.665269118089,502.888916015625,2452900
2019-05-30,495.6357748201578,498.85942213606126,488.382568359375,488.382568359375,2946800
2019-05-31,487.57665653039913,494.8298629911819,486.77074470142327,488.382568359375,3136900
2019-06-03,483.5470439582471,492.41207309748165,483.5470439582471,486.7706909179687,2571400
2019-06-04,492.41208173935166,492.41208173935166,477.9056701660156,477.9056701660156,3076800
2019-06-05,486.7707196931077,494.02392578125,483.54707254282215,494.02392578125,2996400
2019-06-06,487.5766711060787,492.4121422244861,482.74119998767134,485.158935546875,2775000
2019-06-07,489.9943668433931,496.4416611439641,489.18845505582175,494.02392578125,1488300
2019-06-10,499.6652867528272,501.2771102584814,495.63572798869143,498.859375,1922700
2019-06-11,498.0535888671875,500.47132473547487,496.441764954996,498.0535888671875,1525300
2019-06-12,493.21805907000464,496.4417065149066,489.9944116251026,490.8003234863281,2393100
2019-06-13,489.99439201732673,495.6357748201578,487.57665653039913,488.382568359375,2081600
2019-06-14,489.9943272497941,492.412062417145,487.5765920824431,489.18841552734375,2346700
2019-06-17,485.9647898237638,489.1884368541038,484.35296630859375,484.35296630859375,1519100
2019-06-18,485.9647390308189,489.188385724224,481.1292689907112,481.9351806640625,1446400
2019-06-19,489.18838773897994,495.6356811523438,488.3824760623095,495.63568115234375,2250700
2019-06-20,497.24759582326385,511.7540086673785,496.4416839985908,509.3362731933594,3323900
2019-06-21,509.33618595822446,510.1420976448673,501.2770690917969,501.2770690917969,3051600
2019-06-24,498.8593215440449,500.47114487698207,489.9942932128906,489.9942932128906,1866200
2019-06-25,491.60619580725927,492.4121076036646,484.3529896396112,485.9648132324219,1953000
2019-06-26,482.74107556070146,485.1588104967317,478.7115173339844,478.7115173339844,1971600
2019-06-27,477.09975841194137,478.7115819200898,473.8761113956445,477.9056701660156,2760300
2019-06-28,479.5175170898438,480.3234288832721,475.48795812270225,479.51751708984375,2769200
2019-07-01,490.8001910938936,494.8297493130553,487.5765445185642,493.2179260253906,2609700
2019-07-02,496.4416024274104,502.08298427317646,496.4416024274104,500.4711608886719,1944400
2019-07-03,494.8297755986548,501.2770690917969,494.023863912012,501.2770690917969,1456300
2019-07-04,502.8889218192849,509.33621568876293,500.47118661823066,508.5303039550781,1559200
2019-07-05,509.3362074997566,519.0071481484862,509.3362074997566,517.3953247070312,2200400
2019-07-08,512.559807565145,518.20118909495,512.559807565145,514.171630859375,1745700
2019-07-09,515.783454153605,522.2307473305251,512.559807565145,514.171630859375,2253000
2019-07-10,511.7540102005005,518.2013048171997,508.5303628921509,515.7835693359375,2074700
2019-07-11,521.4249877929688,523.0368115573983,519.0072521463244,521.4249877929688,1907800
2019-07-12,523.0368078726309,523.0368078726309,519.007248489945,522.2308959960938,1721700
2019-07-16,522.2308242727535,526.2603831020185,519.0071772093414,524.6485595703125,2120700
2019-07-17,525.4545973557692,527.0664212740385,523.0368614783654,523.8427734375,2921200
2019-07-18,522.2308959960938,525.4545435022425,519.8131603664822,522.2308959960938,2821900
2019-07-19,523.8426478044595,525.4544713361655,516.5894419117824,524.6485595703125,2073000
2019-07-22,523.0366554797536,523.8425671214789,511.7538924955986,514.9775390625,2128300
2019-07-23,510.9480309412115,518.2012364277587,506.11256061684674,517.3953247070312,2162100
2019-07-24,515.7835693359375,518.2013048171997,510.94809837341313,515.7835693359375,1641000
2019-07-25,520.6189715899411,520.6189715899411,515.7835012655763,517.3953247070312,1478000
2019-07-26,516.5894129863037,519.8130598692136,513.3657661033939,517.3953247070312,926000
2019-07-29,518.2012364277587,519.8130598692136,515.7835012655763,517.3953247070312,1187800
2019-07-30,523.03663129777,524.6484545066999,517.3952500665151,520.618896484375,1739200
2019-07-31,519.8131232239059,519.8131232239059,509.3362695775326,510.1421813964844,2120800
2019-08-01,507.7243347167968,510.9479812864273,505.306599789574,507.7243347167969,1488400
2019-08-02,499.665269118089,502.88891601562494,497.2475339449369,502.888916015625,2127600
2019-08-05,504.5007771137333,505.3066888982599,485.1588942850917,487.5766296386719,3109300
2019-08-06,473.8761293017174,487.5766296386719,469.0406585945571,487.5766296386719,2645800
2019-08-07,484.35296630859375,491.6061721268589,483.5470545510087,484.35296630859375,2309300
2019-08-08,482.74119998767134,487.5766711060787,479.51755257539975,485.158935546875,2029300
2019-08-09,491.6061613575512,494.0238965773425,483.5470439582471,486.7706909179687,2040800
2019-08-13,480.3234397269584,483.5470869734481,474.68205704560154,477.0997924804687,2284400
2019-08-14,483.54707784320584,486.7707250288272,481.1293424539898,485.9648132324219,2365500
2019-08-15,475.4879811860409,481.93527584619056,473.87615752100345,481.1293640136719,1584300
2019-08-16,481.9351630117378,493.2179260253906,481.9351630117378,493.2179260253906,1852200
2019-08-19,500.47117037978467,507.72437574760767,498.8593469647129,505.306640625,2389600
2019-08-20,506.9184226452465,515.7834507042254,503.69477607834506,514.9775390625,2109100
2019-08-21,514.1716036486552,525.4543661111649,513.3656920441902,520.618896484375,3288100
2019-08-22,519.8130089128521,522.2307438380282,512.5598041373239,514.9775390625,2653800
2019-08-23,515.7836046174652,523.8427234396131,515.7836046174652,521.4249877929688,1954300
2019-08-26,506.1125571813035,520.6189680559269,505.30664546604663,518.2012329101562,3038300
2019-08-27,519.8130889751944,525.4544713361655,517.3953536776354,524.6485595703125,3712100
2019-08-28,526.2603618557957,531.9017439890125,522.2308031892123,529.4840087890625,3901100
2019-08-29,534.3196061297161,535.125518054497,527.0663988066883,528.67822265625,2280500
2019-08-30,531.9018591734635,531.9018591734635,527.066387726432,531.095947265625,1752500
2019-09-02,527.8721210514522,533.5135024978035,527.0662094162591,530.2898559570312,2214200
2019-09-03,527.8723332331731,531.0959810697115,523.8427734375,523.8427734375,1859600
2019-09-04,522.2308457485466,523.0367575475412,515.7835513565892,519.8131103515625,1743700
2019-09-05,524.6486630323457,531.9018703553735,523.036839182784,528.67822265625,2203200
2019-09-06,531.9017908324272,534.3195262453019,527.0663200066779,532.7077026367188,2739600
2019-09-09,535.125416539777,538.349063627366,533.5135929959824,537.5431518554688,1437200
2019-09-10,540.766787565503,540.766787565503,522.2308172018568,526.2603759765625,3262300
2019-09-11,523.8427400950777,532.7077710813021,518.2013567402076,531.095947265625,2767100
2019-09-12,528.6782115421092,534.3195948969793,527.8722996342707,531.095947265625,2718300
2019-09-13,536.7372792939728,545.6023094324619,533.513631970886,542.378662109375,4399600
2019-09-17,543.9904570054377,555.2732220396247,543.1845452172815,548.825927734375,3541000
2019-09-18,552.8555233268909,554.4673470100596,540.766845703125,540.766845703125,3505800
2019-09-19,546.408128128723,552.8554216759645,542.3785696616969,549.6317749023438,2041500
2019-09-20,554.4672958485402,556.0791193829835,549.6318252452098,552.049560546875,2370400
2019-09-24,548.8258597288788,554.4672415469436,548.0199480405838,550.4376831054688,1899100
2019-09-25,552.0495926938188,559.3027990211828,548.020033623061,558.4968872070312,2597900
2019-09-26,560.1085713121474,568.973599059534,560.1085713121474,562.5263061523438,4201300
2019-09-27,563.3416318408983,564.156887458613,556.0043312814655,561.7111206054688,2436400
2019-09-30,560.0806093700393,561.7111206054688,553.5585644283212,561.7111206054688,2754800
2019-10-01,560.8959168365036,565.7874509949615,558.4501497572746,562.5264282226562,2589700
2019-10-02,556.0043582304573,561.7111478310633,556.0043582304573,559.265380859375,2074400
2019-10-03,551.1128784179688,556.0044128417968,550.2976226806641,554.3739013671875,2045600
2019-10-04,553.5586129274737,569.0484710211733,553.5586129274737,568.2332153320312,2158700
2019-10-07,571.4942626953125,576.3857970407788,565.7874726256018,571.4942626953125,2366300
2019-10-08,573.9399324024823,576.3856991598792,571.4941656450853,574.7551879882812,3930400
2019-10-09,573.1247440987331,580.4620452322873,572.309488417227,579.6467895507812,2526100
2019-10-10,578.8315000372418,580.4620113049523,571.4941993325443,577.2009887695312,2664300
2019-10-11,580.4620270588622,582.9077940268069,573.1247261550283,581.2772827148438,3222100
2019-10-15,584.5383004420726,593.5061125827459,583.7230447929204,592.6908569335938,3225100
2019-10-16,595.1366238810501,602.4739247234193,591.0603456352895,592.6908569335938,2641900
2019-10-17,593.5061426734659,595.1366540544369,583.7230743876395,584.538330078125,2141500
2019-10-18,586.9841826673023,591.0604617136031,584.5384152395219,587.7994384765625,1912700
2019-10-21,589.4298163519965,597.5823725947627,586.16879385489,594.3213500976562,3010900
2019-10-23,597.5823974609375,599.2129087773384,586.9840739043315,597.5823974609375,2249800
2019-10-24,595.9518752325149,595.9518752325149,580.4620180103292,582.092529296875,4426000
2019-10-25,582.0925179690205,589.4298186156888,577.200984204575,588.6145629882812,2943400
2019-10-28,586.1687602734106,595.1365716266895,583.7229935406981,591.8755493164062,2100200
2019-10-29,594.3215185344549,599.2130536664257,588.6147275471556,590.2452392578125,4049000
2019-10-30,586.9840631565127,590.2450857296044,581.277273653602,582.092529296875,2383400
2019-10-31,588.6146942858227,590.2452059043429,580.4621361932212,587.7994384765625,4370300
2019-11-01,585.3535625879306,597.5823974609375,585.3535625879306,597.5823974609375,1661800
2019-11-05,601.6587766251473,610.6265903688826,598.3977534456072,604.9197998046875,4681600
2019-11-06,605.7348212883973,605.7348212883973,596.7670110136028,598.3975219726562,1789300
2019-11-07,598.3975219726562,598.3975219726562,590.2449671773885,598.3975219726562,1665300
2019-11-08,599.2129087773384,600.8434200937394,589.4298408789329,597.5823974609375,5830100
2019-11-11,589.4297885326629,595.1365776332558,573.9399324024823,574.7551879882812,3429800
2019-11-12,577.2011016286142,581.277380594918,574.755334248832,578.016357421875,2705500
2019-11-13,580.4620113049523,581.2772669388075,574.7552218679655,577.2009887695312,3309900
2019-11-14,578.8315365531228,579.6467922384088,569.0484683296897,573.9400024414062,2325400
2019-11-15,574.7552793214646,578.0163021828631,564.1569550219199,566.6027221679688,4053100
2019-11-18,566.6027039537471,569.8637267103154,563.3416811971788,568.2332153320312,3222800
2019-11-19,570.6790069710681,572.3095184195569,564.156961177113,571.4942626953125,2320200
2019-11-20,570.678955078125,571.4942107282366,564.9721655273438,570.678955078125,3286300
2019-11-21,571.4942390303565,585.3535857686105,570.678983339871,584.538330078125,5175600
2019-11-22,583.7230454799108,583.7230454799108,569.8636994280134,570.678955078125,3188200
2019-11-25,575.5705174827842,585.3535857686105,574.7552617922987,584.538330078125,1711600
2019-11-26,588.6144562183349,600.8432884112366,588.6144562183349,598.3975219726562,7182600
2019-11-27,603.2892882149174,607.3655671893425,599.2130092404923,604.9197998046875,2341000
2019-11-28,603.2891641980975,611.4417204710447,600.8433973162133,610.62646484375,2813300
2019-11-29,611.4417024046063,617.1484916270493,608.1806799917817,612.2569580078125,3058900
2019-12-02,613.8875948998236,613.8875948998236,605.7350371986307,606.55029296875,1566400
2019-12-03,602.4739990234375,604.9197662725178,595.9519530258901,602.4739990234375,2628600
2019-12-04,600.8434875240507,608.1807892712915,599.2129760246638,602.4739990234375,2732800
2019-12-05,609.8113252991462,612.2570926466027,604.1045348217477,605.7350463867188,1997900
2019-12-06,613.8875824136937,614.7028381672311,605.7350248783193,613.0723266601562,2123900
2019-12-09,615.5179895019531,616.3332451171875,606.550177734375,611.4417114257812,2252700
2019-12-10,610.6264895658252,614.7027678673328,607.3654669246192,613.8875122070312,3390200
2019-12-11,608.9959535891605,614.7027429802237,608.1806979618658,610.62646484375,1621700
2019-12-12,614.7028693433077,616.3333809330778,603.2892882149174,604.9197998046875,1898200
2019-12-13,613.07222265625,613.8874782714844,607.3654333496094,611.4417114257812,4528000
2019-12-16,615.5179762497447,630.1925770080168,615.5179762497447,623.6705322265625,3059400
2019-12-17,624.48583984375,625.3010955093424,614.7027718566417,624.48583984375,2681200
2019-12-18,634.2689851793024,634.2689851793024,621.2248929391111,628.5621948242188,3405100
2019-12-19,628.56215828188,635.0842040228074,623.6706239761845,631.8231811523438,2943400
2019-12-20,636.7146970928098,637.5299527869108,628.5621401518008,633.4536743164062,3277700
2019-12-23,631.823159262772,633.4536706415147,621.2248353009448,622.8553466796875,3097500
2019-12-24,622.0400030939334,626.1162809647979,622.0400030939334,625.301025390625,902500
2019-12-25,624.4857899205351,625.3010455209536,615.5179783159322,617.9637451171875,865200
2019-12-26,617.9637945190111,628.5621181717119,617.9637945190111,624.48583984375,3406100
2019-12-27,622.8553557989637,626.116378604194,621.2248443963487,622.0401000976562,1394800
2019-12-30,622.8553060973717,622.8553060973717,612.2569828260813,615.5180053710938,1419100
2020-01-06,608.1806799917817,614.7027248174309,605.7349131821634,612.2569580078125,2385900
2020-01-07,608.1807046448158,616.3332610073468,608.1807046448158,615.5180053710938,2295200
2020-01-08,591.8757509684694,595.1367743897833,586.9842158364986,590.2452392578125,4398900
2020-01-09,601.6585980090466,602.4738535619044,590.2450202690376,593.5060424804688,3364600
2020-01-10,594.3214173608897,599.2129516601562,594.3214173608897,599.2129516601562,1776700
2020-01-14,607.3655427762163,608.9960543004478,600.0282409171748,601.6587524414062,1759100
2020-01-15,597.5823860116976,605.7349424375053,596.7671303691169,604.1044311523438,2562900
2020-01-16,610.6264558105469,613.07222265625,607.3654333496094,611.4417114257812,2419200
2020-01-17,613.8876250492167,618.7791599101666,613.0723692390584,614.702880859375,1908200
2020-01-20,615.518027522234,626.9316068405271,614.7027718566417,624.48583984375,1619300
2020-01-21,628.5621429047027,629.3773986023741,622.0400973233309,627.7468872070312,1571000
2020-01-22,631.0079099977171,631.8231656953885,625.3011201140168,627.7468872070312,1368500
2020-01-23,623.6705322265625,629.377321410335,618.7789986404717,623.6705322265625,1905100
2020-01-24,624.4857878242443,624.4857878242443,617.1484874451082,623.6705322265625,1271300
2020-01-27,622.8553620773732,630.1926634631014,619.5943392392718,626.931640625,1849300
2020-01-28,627.7468102149713,631.0078326056985,621.2247654335172,623.6705322265625,1953000
2020-01-29,631.0080048436489,635.084283944706,622.8554466415346,630.1927490234375,2256700
2020-01-30,635.0841884860745,639.1604669744318,625.3011201140168,627.7468872070312,2821300
2020-01-31,634.2688779535982,640.790922971116,632.6383666992188,632.6383666992188,3461200
2020-02-03,621.2248929391111,632.6384736492785,617.1486141140514,628.5621948242188,3101900
2020-02-04,625.3010393370406,638.3451288147364,621.2247613752608,635.0841064453125,2435700
2020-02-05,644.0519297511356,652.2044858239349,642.4214185365757,650.573974609375,2707800
2020-02-06,656.2808593292808,660.3571379586551,650.5740692481565,653.0198364257812,3254700
2020-02-07,652.2045288085938,654.650295791626,648.9435061645507,652.2045288085938,1843500
2020-02-10,652.2045288085938,657.9113184356689,650.5740174865723,652.2045288085938,2166600
2020-02-12,650.5740410940988,657.9113423094458,630.1926488292461,639.1604614257812,3518100
2020-02-13,640.7909206814236,641.6061763057002,631.8231088143808,638.3451538085938,1805300
2020-02-14,637.5299162919634,639.1604275868277,631.007871112506,636.7146606445312,2274600
2020-02-17,634.26894540616,639.1604796894981,628.5621554089324,637.5299682617188,1566200
2020-02-18,635.0841064453125,643.2366623688723,632.6383396682445,635.0841064453125,1736900
2020-02-19,636.7147883763004,644.052090675131,634.2690209433568,641.6063232421875,1680300
2020-02-20,644.0520139728361,650.5740596839534,636.7147125478291,637.5299682617188,1859300
2020-02-21,636.7146970928098,639.1604641751126,629.3773958459017,633.4536743164062,1915700
2020-02-25,613.07222265625,620.4095231933593,608.1806889648437,611.4417114257812,3552800
2020-02-26,612.2569967733847,612.2569967733847,595.9518836768898,603.2891845703125,3357600
2020-02-27,598.3977237658554,603.2892582925518,578.0163299046206,580.4620971679688,3678400
2020-02-28,568.2331770618231,568.2331770618231,550.2975531086522,555.1890869140625,6108100
2020-03-02,547.0365451636187,586.9840723067146,547.0365451636187,581.2772827148438,5601800
2020-03-03,591.0604501140471,600.8435196331761,578.016357421875,578.016357421875,6151800
2020-03-04,570.6789110527664,599.2128566054047,568.2331442911117,596.76708984375,5923200
2020-03-05,597.5823974609375,599.2129087773384,590.2450965371333,597.5823974609375,4429000
2020-03-06,590.2451943207864,590.2451943207864,575.5705900420927,578.016357421875,3855500
2020-03-09,552.7433541625785,554.3738655317896,515.2415926707221,519.31787109375,5968400
2020-03-10,503.0127245785686,517.6873259439077,476.1092887421136,516.8720703125,8392600
2020-03-11,513.6110549105322,516.0568218386776,498.12119769894474,499.751708984375,4454200
2020-03-12,483.4466332388925,485.8924003547722,459.8042177853884,466.3262634277344,6648400
2020-03-13,409.2583860648695,436.1618257862653,392.9532710822054,420.6719665527344,8387200
2020-03-16,408.44312118434306,414.1499113006912,386.4312164498575,388.8769836425781,10090300
2020-03-17,379.90915550619866,387.2464567927991,357.0819959478863,384.8006896972656,11132700
2020-03-18,382.3549089898003,392.1379770236545,366.0497956000434,366.8650512695313,8127500
2020-03-19,370.9412863746873,374.2023086724868,346.4836191411914,351.3751525878906,8682800
2020-03-23,353.8209630824104,364.41928686137663,346.48366200466455,361.15826416015625,7548500
2020-03-24,379.9091510998873,413.33463435116494,374.2023612764984,412.5193786621094,7688200
2020-03-25,453.2822235409576,494.0450134277344,438.6076191817179,494.0450134277344,9327100
2020-03-26,477.7399282949942,479.3704399956597,437.7923916286893,440.2381591796875,7272400
2020-03-27,460.6194602272728,465.5109943181819,426.3787215909091,448.390625,5201000
2020-03-30,413.6444150147885,432.6720581054687,406.1988155445223,432.6720581054687,8111100
2020-03-31,433.4994087366523,435.1539866325938,418.6082076731795,428.5356750488281,5563700
2020-04-01,420.2627715108788,424.39921611236383,390.4803703801866,396.2713928222656,6877200
2020-04-02,386.3439408187028,389.65309662871306,364.8344280536358,376.4164733886719,7524100
2020-04-03,371.4527424428655,375.5891872362159,353.2523853521237,359.8706970214844,7280000
2020-04-06,354.9069259944056,383.8620365067697,354.9069259944056,378.0710144042969,7096500
2020-04-07,404.5443376632341,407.0262047654626,382.20753374317826,397.926025390625,6193200
2020-04-08,391.3076886263761,407.02617929001485,380.55293185651794,400.4078674316406,5021500
2020-04-09,407.026123046875,416.126300594671,402.88967870696774,407.026123046875,4587600
2020-04-10,413.64450722813126,420.26281934378136,397.9260159534623,411.9899291992187,4232000
2020-04-13,407.8534240722656,421.0900463545298,405.3715573943411,407.8534240722656,3338200
2020-04-14,407.0261869542739,425.2265449075138,407.0261869542739,421.9173889160156,3619600
2020-04-15,416.95366328595634,419.4355303293251,408.6807731413938,411.9899291992187,5071600
2020-04-16,401.2351815269295,404.5443376632341,395.4441582883965,397.926025390625,6237600
2020-04-17,404.5443235436264,411.1626355852399,397.0987224968112,405.3716125488281,4218800
2020-04-20,397.09871451693226,416.1263612542019,395.4441365397784,415.299072265625,3345100
2020-04-21,409.50797739436814,414.47171045369385,402.8896666486006,406.1988220214844,3617600
2020-04-22,397.9259941195264,403.7170169029706,396.2714161813995,402.06243896484375,3063400
2020-04-23,402.0624484483939,416.1263612542019,402.0624484483939,415.299072265625,2685300
2020-04-24,416.1263686671401,416.1263686671401,406.19890062736744,409.508056640625,2395300
2020-04-27,412.81717389822006,423.5719299316406,411.9898849725723,423.5719299316406,2703500
2020-04-28,426.0537913488963,431.0175248403398,416.1263243660094,416.95361328125,3181500
2020-04-30,438.46316442757006,445.0814763434579,431.0175635221962,442.599609375,4596600
2020-05-01,434.3267048874946,441.7723055427088,421.9173704621376,422.7446594238281,4095600
2020-05-07,414.4717832770481,423.5719621513944,413.6444942884711,415.299072265625,2875300
2020-05-08,423.5719813327032,440.1177618535119,421.0901142545819,437.6358947753906,3189700
2020-05-11,445.08144344295465,464.1090887946051,443.4268655862894,459.1453552246094,2825900
2020-05-12,454.18162276241753,454.18162276241753,441.77228880716024,450.8724670410156,2908400
2020-05-13,442.5995604671649,446.73600495751225,436.8085381806787,443.4268493652344,2755700
2020-05-14,437.6358599995458,440.11772688045056,425.22652559502177,426.881103515625,2932800
2020-05-15,424.39921351841514,431.0175248403398,413.64445762028765,416.95361328125,3823200
2020-05-18,417.7808893214889,425.2264893291986,412.81715598301577,424.3992004394531,4114600
2020-05-19,435.9813177676602,442.5996299918371,431.01758359952737,433.49945068359375,5054700
2020-05-20,430.19022778413137,435.1539611816406,426.0537832862071,435.1539611816406,2238500
2020-05-21,440.11774686925554,445.9087698543773,420.2628109202666,421.9173889160156,4491400
2020-05-22,419.4354560665968,421.0900338025598,404.54425644293065,407.026123046875,5794600
2020-05-25,416.9536845267483,447.56337962097393,416.9536845267483,445.0815124511719,5705100
2020-05-26,450.04521325440777,463.28183717365505,444.2541902897371,457.4908142089844,5438100
2020-05-27,458.31814703046734,459.97272517859176,441.772365549223,454.18170166015625,5737100
2020-05-28,460.79998228438063,461.6272713010492,450.8725140843581,458.318115234375,4940700
2020-05-29,452.5270875923799,459.1453996595445,449.2179315587976,451.6997985839844,3666500
2020-06-01,455.00899073421846,458.31814703046734,449.21796721578295,454.18170166015625,2156300
2020-06-02,455.83617978625824,478.17297988467743,453.3543131086562,476.5184020996094,4255500
2020-06-03,493.0642734862441,493.8915625357176,476.5184924967727,480.6549377441406,4613400
2020-06-04,493.89146271550845,494.718751597779,469.0727962473924,474.0365295410156,3758100
2020-06-05,478.17299580891927,498.8552188110351,477.3457068888346,496.3733520507813,4372600
2020-06-08,512.9191539490145,516.2283097809436,500.50981957928025,506.30084228515625,3311700
2020-06-09,506.300871862971,512.9191839134674,501.3371378250987,510.4373168945313,3922400
2020-06-10,493.8915212450929,504.6462779891234,493.0642322647829,498.8552551269531,3874400
2020-06-11,485.61859324621776,488.10045999193943,466.5909481956845,469.07281494140625,5464200
2020-06-12,444.25422514771384,459.97271728515625,436.80862360892536,459.97271728515625,7846300
2020-06-15,454.1815741423682,456.6634406677363,428.5356200468975,431.0174865722656,6028400
2020-06-16,445.0813901620954,464.9363220652372,440.11765718630994,461.6271667480469,5937400
2020-06-17,456.66348899147727,457.4907779208097,448.39059969815344,455.0089111328125,3040800
2020-06-18,448.39066867757464,449.2179577341753,437.6359109417656,445.0815124511719,3628400
2020-06-19,443.42689273231906,445.08147069027547,438.4631588584498,440.11773681640625,5732200
2020-06-22,436.80859375,439.2904607599432,428.53570371685606,436.80859375,2804700
2020-06-23,440.9450629468234,447.56337533626913,435.15403960605835,438.4631958007813,2699500
2020-06-24,431.8448845563616,438.4631969633557,428.53572835286457,434.3267517089844,3322800
2020-06-25,421.09010174560547,421.9173907470703,405.3716107177734,413.6445007324219,4866200
2020-06-26,421.090044880471,424.3992004394531,416.9536004317434,424.3992004394531,3507100
2020-06-29,413.64450165719694,416.1263686671401,407.8534786339962,409.508056640625,3737500
2020-06-30,419.4354800269717,424.39921351841514,415.2990354507688,416.95361328125,4317400
2020-07-01,413.64443399072667,417.7808783306339,404.54425644293065,407.026123046875,3845600
2020-07-02,401.23515641393743,410.335335219202,397.9260004847503,400.4078674316406,6361200
2020-07-03,401.2351457462754,406.19887950808504,384.68936654024344,391.30767822265625,5281200
2020-07-06,387.17123272628464,397.0987002320868,385.5166548086509,395.4441223144531,5118300
2020-07-07,389.65310174600097,395.44412448957206,379.72563418559326,383.0347900390625,6410500
2020-07-08,380.55293510700096,390.4804029793575,378.0710681389118,383.8620910644531,6550600
2020-07-09,383.03479726690995,385.5166642038445,376.4164854350842,377.2437744140625,4862000
2020-07-10,373.9346478398347,374.7619368837282,358.2161560058594,358.2161560058594,7718800
2020-07-13,367.3163146972656,368.9708926913974,359.0434247266065,367.3163146972656,6873100
2020-07-14,362.3525807148701,370.6254706855293,359.8707137236724,367.3163146972656,4205500
2020-07-15,373.9346184981496,381.38021930895354,371.45275156121505,377.2437744140625,5458300
2020-07-16,386.3439394715012,393.7895400180612,380.55291682417675,384.6893615722656,7180900
2020-07-17,381.38018253149573,382.2074714306964,373.1072935394893,374.7618713378906,3125000
2020-07-20,377.24375021510184,379.7256169928328,369.798149881909,375.5891723632813,2786100
2020-07-21,371.4527893066406,374.7619455588156,368.1436330544657,371.4527893066406,2297600
2020-07-22,372.2800783696843,378.07110181099057,369.7982111805531,371.4527893066406,2747400
2020-07-27,368.14360369433155,369.7981816884634,360.6980027207383,367.3163146972656,3353100
2020-07-28,364.0071418148348,365.6617197321749,359.8706970214844,359.8706970214844,2468400
2020-07-29,357.3888301454741,364.8344307735048,354.0796743107938,359.8706970214844,2968500
2020-07-30,360.69793109578166,362.3525087613586,349.11588743674275,349.94317626953125,3562000
2020-07-31,347.46137368176176,353.2523965764578,332.57017195254343,333.3974609375,6483000
2020-08-03,333.39742379537444,343.3248905088843,330.08826822420446,339.1884460449219,5392300
2020-08-04,344.1522307219329,359.0434330127857,344.1522307219329,357.38885498046875,4205800
2020-08-05,357.38885941938923,366.4890387101607,350.77054720791904,364.0071716308594,6453200
2020-08-06,360.6980110451027,366.4890341582122,355.7342769481518,357.38885498046875,4679000
2020-08-07,364.0071043817166,369.7981264968803,357.3887933929581,365.66168212890625,4623300
2020-08-11,368.9708538792164,387.9984988102074,368.9708538792164,385.5166320800781,5368800
2020-08-12,390.48037140608346,391.30766032855394,383.0347711038488,387.9985046386719,4597600
2020-08-13,387.17129118546194,387.9985802691915,373.1073767620584,380.552978515625,5258200
2020-08-14,379.7255987548828,380.55288764105904,372.2799987792969,372.2799987792969,2863300
2020-08-17,374.7619455588156,379.7256799370781,371.4527893066406,371.4527893066406,2246100
2020-08-18,368.97092869564455,372.28008500681625,365.6617723844729,369.7982177734375,2893900
2020-08-19,370.6254672346443,383.8620910644531,366.4890222878292,383.8620910644531,3569200
2020-08-20,374.7619156708588,376.41649366499064,365.6617367031338,367.3163146972656,5148000
2020-08-21,369.79818631062466,377.24378737728154,368.9708973032183,373.93463134765625,3394200
2020-08-24,375.589148612044,375.589148612044,364.83439325531145,365.66168212890625,2543000
2020-08-25,375.5891477889514,381.3801698914242,373.1072811736059,378.0710144042969,4381300
2020-08-26,373.93461930302453,375.5891972645423,370.6254633799889,373.1073303222656,2399700
2020-08-27,367.3163354886872,369.79820262036753,357.38886696196596,358.2161560058594,4162700
2020-08-28,361.5252862009061,373.1073319830862,359.8707082320233,364.8344421386719,6979100
2020-08-31,373.10732951917146,382.2075082879317,373.10732951917146,377.2437744140625,5592400
2020-09-01,371.4527098931207,374.7618654378255,368.1435543484158,372.2799987792969,3584100
2020-09-02,374.76190747712786,379.7256413509971,373.10732951917146,377.2437744140625,2823700
2020-09-03,387.171234855899,388.8258127826337,378.0710562588587,383.0347900390625,3543500
2020-09-04,373.9345700453877,379.72559214786054,371.4527034300422,378.0710144042969,3258400
2020-09-07,384.6893975673578,389.6531317295172,382.207530486278,387.1712646484375,3545400
2020-09-08,388.8257981929542,400.40784324551026,388.8257981929542,398.7532653808594,3715000
2020-09-09,389.6531317295172,392.96228783762353,385.51668659438434,387.1712646484375,4388900
2020-09-10,391.3076886263761,400.4078674316406,387.998532697189,400.4078674316406,3378200
2020-09-11,400.4078674316406,402.889734378531,392.9622665909697,400.4078674316406,3977500
2020-09-14,401.23514999578026,406.1988838101611,398.7532830885899,402.06243896484375,2679800
2020-09-15,402.8897399902344,404.5443179778739,395.44413904585633,402.8897399902344,3062000
2020-09-16,403.716998974812,403.716998974812,397.9259764485339,398.7532653808594,2588400
2020-09-17,398.7533144247011,404.5443376632341,395.4441582883965,397.926025390625,3370800
2020-09-18,401.23514999578026,403.7170169029706,397.09870515046293,402.06243896484375,4062600
2020-09-23,395.4440736408475,397.92594021181515,388.8257627849337,392.1349182128906,4335200
2020-09-24,389.6531090987356,390.4803980777138,376.4164854350842,377.2437744140625,5171600
2020-09-25,379.7256421683368,380.55293114909574,368.1435964377122,373.1073303222656,4763000
2020-09-28,377.2437963241186,387.1712646484375,373.1073511889857,387.1712646484375,4309800
2020-09-29,393.0629721248851,393.0629721248851,381.27949972713697,386.3295593261719,4187100
2020-09-30,386.3295428832196,388.8545725752668,378.7544538070781,379.59613037109375,4319300
2020-10-02,381.2795429060944,391.3796632479777,375.38780603999584,380.4378662109375,5209600
2020-10-05,385.4879103046793,401.4797668457031,385.4879103046793,401.4797668457031,4635500
2020-10-06,405.68811391194663,407.37146708170576,398.95470123291017,404.0047607421875,3558800
2020-10-07,398.95471353336256,414.9465691391303,397.2713603117029,412.4215393066406,4277200
2020-10-08,420.8383017439183,420.8383017439183,411.57985910555215,414.1048889160156,4295500
2020-10-09,419.15495219327966,419.15495219327966,408.2131562524913,412.4215393066406,4220900
2020-10-12,413.26320873677486,419.9966215064168,408.21314915954343,415.7882385253906,3207300
2020-10-13,420.83832711884475,422.5216804273201,411.5798839222301,416.62994384765625,3052700
2020-10-14,410.7381591796875,415.788218513864,409.0548060682953,410.7381591796875,2084000
2020-10-15,409.0548113321521,411.5798410317333,405.6881050660438,408.213134765625,2424500
2020-10-16,408.2131509219899,408.2131509219899,400.6380615234375,400.6380615234375,1989500
2020-10-19,400.6380491394927,406.52978515625,398.9546959918478,406.52978515625,2060600
2020-10-20,402.3213910894879,403.16306763988433,394.74630213592013,397.2713317871094,2447800
2020-10-21,395.58798969655794,409.0548148777174,394.7463131227355,406.52978515625,2815900
2020-10-22,404.0048198739605,407.3715267062435,400.63811304167746,404.8464965820313,2320500
2020-10-23,410.73821834259974,413.2632483733944,407.3715116348735,411.5798950195313,2180600
2020-10-26,411.5798699649763,418.3132829705383,404.8464569594143,409.0548400878906,2871300
2020-10-27,404.0048005756579,404.0048005756579,395.5880338969983,399.7964172363281,2634200
2020-10-28,393.90470899498985,394.7463857236116,382.121234794285,387.1712951660156,3201400
2020-10-29,380.43783699752936,394.746339716463,377.07113047542737,393.9046630859375,2912400
2020-10-30,390.5379203090584,393.9046265186192,378.7544485755954,382.12115478515625,3891700
2020-11-02,382.1211555626742,397.27133353652465,382.1211555626742,396.4296569824219,3041800
2020-11-04,403.1630502914492,409.89646240487633,397.27131469220046,405.6880798339844,4089000
2020-11-05,405.6881264200016,413.2632159174705,400.6380667550223,412.4215393066406,3134100
2020-11-06,405.6880972910736,409.0548034926592,396.42965523671296,397.2713317871094,5005100
2020-11-09,404.8464084696919,406.52976151946194,398.1129962706118,403.1630554199219,3243000
2020-11-10,422.52164091777985,440.1968490039818,422.52164091777985,435.1467895507813,14076400
2020-11-11,447.7719602621378,451.98034334730824,430.09675130442184,439.3551940917969,6901200
2020-11-12,430.938424744898,432.6217779665578,409.896509474151,412.4215393066406,5826200
2020-11-13,408.2131658048711,408.2131658048711,392.2213098248865,393.9046630859375,5562900
2020-11-16,404.84644980917176,418.3132755824498,401.47974336585224,412.4215393066406,4322300
2020-11-17,425.88837399425734,426.7300506227045,417.4716077097858,422.5216674804687,4315700
2020-11-18,419.1549595962336,419.1549595962336,408.2131634621953,409.0548400878906,2814200
2020-11-19,405.6881050660438,409.0548113321521,403.16307536646264,408.213134765625,3002700
2020-11-20,404.8464462776494,414.1048889160156,402.32141646718594,414.1048889160156,2532300
2020-11-24,426.73001690240375,440.1968418934066,425.888340340466,438.5134887695313,5191400
2020-11-25,452.82199948333033,453.6636760622956,433.46343816712846,434.30511474609375,4420200
2020-11-26,428.4133588603899,432.6217415603938,424.204976160386,429.2550354003906,2737300
2020-11-27,433.46347513180825,446.9303015436702,432.6217984810668,445.2469482421875,4565400
2020-11-30,441.0385457517601,441.8802223657902,424.20501347115857,425.8883666992187,7545300
2020-12-01,420.838315514524,437.67184813510494,420.838315514524,435.9884948730469,3239000
2020-12-02,437.671868218316,457.03043162028,433.4634848700629,454.5054016113281,5901700
2020-12-03,458.7137837983548,473.0222871461933,457.8721071308348,468.81390380859375,6221900
2020-12-04,467.13054028186167,467.13054028186167,458.7137737902966,459.5554504394531,3429000
2020-12-07,471.3388698951594,472.1805464485436,455.3470153808594,455.3470153808594,3066300
2020-12-08,449.45535090081046,456.1887643974518,447.7719975266501,450.2970275878906,2604000
2020-12-09,447.7719689987125,456.1887353332748,446.9302923652563,449.455322265625,3242500
2020-12-10,449.45529709293345,459.5554161287297,446.9302673339844,446.9302673339844,3267000
2020-12-11,447.7719602621378,451.98034334730824,438.5135174747627,439.3551940917969,2964200
2020-12-14,441.0385840300088,452.8220576491311,440.1969073429286,450.2970275878906,2476100
2020-12-15,444.40527901785714,449.4553390066964,441.0385723586309,441.8802490234375,2155400
2020-12-16,451.9803614481185,456.1887447018254,444.40527159144614,445.2469482421875,3061000
2020-12-17,443.5635920424406,446.088621978166,432.6217956542969,432.6217956542969,3749400
2020-12-18,437.67185366732406,441.88023687566374,431.78011717564857,433.4634704589844,6550500
2020-12-21,435.9885123697917,442.721925688244,432.62180571056547,441.8802490234375,4552800
2020-12-22,437.67185657429246,452.82203622494103,434.30514998525945,446.088623046875,5719600
2020-12-23,449.4552323733217,451.1385853035589,442.7218206523731,448.6135559082031,4671400
2020-12-24,450.2970182630751,460.39713829888234,446.088634914822,454.5054016113281,4133000
2020-12-25,458.71369945469183,460.3970524802137,449.4552578143219,451.13861083984375,1432500
2020-12-28,451.98030398873726,457.8720397949219,449.4552743575152,457.8720397949219,2299100
2020-12-29,462.92211034276465,468.8138462925816,458.7137275214667,467.1304931640625,3541000
2020-12-30,466.2888254616477,467.1305020419034,457.8720596590909,462.922119140625,3356100
2021-01-04,461.2387989015507,461.2387989015507,445.2469427352561,447.77197265625,4277300
2021-01-05,446.930285145359,455.3470513439533,445.2469319056401,452.822021484375,3427900
2021-01-06,451.1386821405107,462.0804785357097,448.61365220315713,460.3971252441406,3126100
2021-01-07,467.1304228384996,468.8137757135933,456.1886291503906,456.1886291503906,3514600
2021-01-08,457.0304060292158,468.81387874451787,453.6636995391295,466.2888488769531,4448300
2021-01-12,466.2888165998029,472.1805525496199,459.5554040857263,467.1304931640625,3144000
2021-01-13,465.44719713851407,472.18061047867343,462.92216713595434,468.81390380859375,2693100
2021-01-14,464.60549744645687,473.02226370454486,462.0804675690305,465.4471740722656,2947800
2021-01-15,466.28875076129873,474.7055152154738,462.0803685342112,469.6554565429687,3473100
2021-01-18,467.1305459375539,470.4972525749417,456.1887493660437,457.0304260253906,2522600
2021-01-19,458.71376286382264,469.6555590422257,457.8720862347147,464.6054992675781,3095400
2021-01-20,459.5553921193839,475.5472464239046,458.7137155770407,473.022216796875,4563300
2021-01-21,478.9139186164358,492.3807423385149,476.388889168546,489.855712890625,6726100
2021-01-22,482.2807772746128,488.1725145188053,475.54736328125,475.54736328125,4909400
2021-01-25,482.2806790311571,483.9640321865887,473.86391325399904,478.0722961425781,2014700
2021-01-26,477.2306213378906,481.4390042421048,473.8639150145193,477.2306213378906,2361800
2021-01-27,482.2807484593885,490.69751544820855,480.59739506162447,488.1724853515625,2486100
2021-01-28,474.705669336618,485.6474666794834,473.0223158992541,483.1224365234375,4028000
2021-01-29,489.0141415668623,497.430908203125,485.64743491235726,497.430908203125,3868100
2021-02-01,494.90586541727635,506.6893384034019,492.380835491678,503.3226318359375,4322700
2021-02-02,507.5310405811575,520.1561908443704,505.8476872127292,519.3145141601562,4018500
2021-02-03,515.9476460014176,541.1979386279145,514.2642931596513,540.3562622070312,4731300
2021-02-04,542.0398441256009,549.6149351149338,540.3564905724159,547.0899047851562,4149100
2021-02-05,547.0898216224509,559.7149713521998,547.0898216224509,557.18994140625,4748600
2021-02-08,561.3982169135242,571.4983347590448,546.2480401452431,549.61474609375,6004500
2021-02-09,547.9313847967919,569.8149731296899,542.8813259507385,553.8231201171875,5114100
2021-02-10,542.8814051960009,574.8651158897187,542.8814051960009,573.1817626953125,4628900
2021-02-12,578.2318614612926,584.9652746951941,569.8150949189157,583.2819213867188,3174500
2021-02-15,585.8068918217124,590.0152746652592,574.8650964284908,582.440185546875,3413000
2021-02-16,581.5984933284482,595.065318065431,581.5984933284482,590.0152587890625,5062800
2021-02-17,589.1736088966836,590.8569620649599,574.0234303821975,577.39013671875,4821200
2021-02-18,578.2317693586181,585.806858040172,568.1316511165461,568.9733276367188,3971800
2021-02-19,562.2401123046875,568.1318500084792,556.3483746008959,562.2401123046875,4785800
2021-02-22,574.0235674922797,580.756981773714,569.8151835663832,570.6568603515625,3379800
2021-02-24,574.8651512091109,593.3820374852462,566.4483847199584,584.9652709960938,5033600
2021-02-25,590.8570614270386,595.9071217811158,584.9653243472818,588.33203125,3067100
2021-02-26,579.9152032892267,580.7568799268017,558.8732873498499,560.556640625,3916900
2021-03-01,568.1316511165461,574.0233867577548,557.1898563543016,568.9733276367188,3116100
2021-03-02,568.9734051431316,574.0234649520943,558.0316088903791,561.3983154296875,2129500
2021-03-03,562.2399847766859,567.2900445201891,556.3482484092656,564.7650146484375,2470800
2021-03-04,568.1318299960246,578.2319514181761,563.0817692849488,570.6568603515625,3070200
2021-03-05,569.8150780739093,570.6567547032652,554.664898745504,563.0816650390625,2320400
2021-03-08,570.656626020159,577.3900375366211,563.0815380641393,565.6065673828125,2601200
2021-03-09,574.0234745601956,584.9652709960938,569.8150913156194,584.9652709960938,3578800
2021-03-10,584.1234641810826,591.6985523332869,574.8650231061663,589.1735229492188,2563800
2021-03-11,589.1735909999102,590.8569441170528,580.7568254141972,585.806884765625,3784700
2021-03-12,582.4402052645466,582.4402052645466,561.398290334469,573.1817626953125,5051100
2021-03-15,579.0734252929688,584.1234842344772,572.3400133709575,579.0734252929688,3399500
2021-03-16,579.0735436480978,585.8069569463315,574.0234836744226,580.7568969726562,3879000
2021-03-17,577.3901038203679,593.3819580078125,573.1817211394615,593.3819580078125,3227300
2021-03-18,594.223650351338,594.223650351338,583.2818550899111,585.806884765625,2225700
2021-03-19,584.9651995126939,590.0152587890625,579.0734636902639,590.0152587890625,3390500
2021-03-22,582.4401467144928,584.9651762522724,568.9733225130017,571.4983520507812,3317400
2021-03-23,571.4984221415987,580.7568649156158,567.2900390625,567.2900390625,2874200
2021-03-24,558.8731789632409,564.7649142836365,552.139767168503,553.8231201171875,2852000
2021-03-25,562.2399740064162,577.3901529467088,562.2399740064162,569.8150634765625,3188800
2021-03-26,576.5484672837243,580.7568502565982,570.6567311217009,574.0234375,2173200
2021-03-29,572.3401079619769,573.1817845913326,558.0316052629274,563.0816650390625,4256400
2021-03-30,567.340985721385,576.7114824825491,563.933532353689,575.859619140625,2718300
2021-03-31,569.0446818344466,577.5633147960401,557.970458984375,557.970458984375,3125200
2021-04-01,560.52604004654,563.933493177522,552.0074072190849,556.2667236328125,2597900
2021-04-02,547.7481689453125,552.0074859666602,542.6369885196953,547.7481689453125,2960600
2021-04-05,556.2667014981494,558.8222912446952,549.4517955073604,552.0073852539062,1723700
2021-04-06,557.1185239693368,557.9703871558343,541.7849866123827,544.340576171875,2114000
2021-04-07,546.0443555887576,556.2667148197485,546.0443555887576,554.56298828125,3055700
2021-04-08,553.7111153189592,553.7111153189592,540.0813032495694,540.9331665039062,2448000
2021-04-09,552.0074156286564,555.4148688115494,546.0443725585938,546.0443725585938,2845300
2021-04-12,547.7480947494507,552.8592744827271,542.6369150161744,545.1925048828125,1921700
2021-04-13,549.4518522289692,550.3037155657584,537.5257655139218,539.2294921875,3084700
2021-04-14,532.4145547704759,532.4145547704759,519.6366054559845,521.34033203125,3402700
2021-04-15,526.4514947136881,534.1182640541788,522.1921784134156,529.8589477539062,2271300
2021-04-16,530.7108154296875,534.118268498257,524.7477725596909,530.7108154296875,2424600
2021-04-19,533.266444932546,534.1183082631093,514.5254516601562,514.5254516601562,3746800
2021-04-20,506.0068362494344,506.85869961012367,497.4882026425415,500.0437927246094,4163900
2021-04-21,485.5620639424928,489.8213802928656,480.4508843220456,483.85833740234375,3989700
2021-04-22,492.37691360049774,494.08063994513617,483.0064187049866,490.6731872558594,3531800
2021-04-23,494.0807102295767,494.0807102295767,481.3027608270877,492.3769836425781,4165200
2021-04-26,495.7844585871292,504.3030918961864,491.5251419326006,502.599365234375,2984100
2021-04-27,498.3400528806115,506.00682292492866,494.9325995275817,503.45123291015625,3168700
2021-04-28,529.0070888954027,531.5626786968298,517.9328664225521,530.7108154296875,5377500
2021-04-30,523.8958996642363,523.8958996642363,513.6735406463976,517.0809936523438,4279300
2021-05-06,523.895922286061,538.3775981866514,521.340332421251,533.2664184570312,4958000
2021-05-07,536.673850232222,543.4887562669169,530.710807451864,540.9331665039062,3963200
2021-05-10,543.4888519239648,551.1556225623907,541.7851251154258,547.7481689453125,2710900
2021-05-11,543.4888357421875,544.3406991210937,529.8590216796874,532.4146118164062,3594000
2021-05-12,506.8586773975176,523.8959438646611,504.30308742744614,513.673583984375,11850700
2021-05-13,511.1179940143035,519.6366272478753,509.4142673675891,513.673583984375,4465400
2021-05-14,518.7847421683517,524.7477851817811,514.5254257301879,521.34033203125,3138900
2021-05-17,529.8588976247183,546.8961612139376,528.1551712657964,543.4887084960938,4456900
2021-05-18,546.0444163467671,546.8962797108027,534.9701926143053,542.636962890625,4512300
2021-05-19,536.673844860446,538.3775713520665,523.0440329274824,528.1552124023438,4316100
2021-05-20,522.1922171173837,528.1552603797356,517.9329005014182,525.5996704101562,3323200
2021-05-21,521.3403151533611,535.8219905742878,520.4884518933067,529.8589477539062,3760800
2021-05-24,529.0070459101189,539.2294042851937,527.3033195142731,534.1182250976562,5573400
2021-05-25,529.8589954828199,540.081355524289,529.0071321460308,539.2294921875,4871600
2021-05-26,534.9701581751789,540.0813380303557,533.2664315567866,535.822021484375,4758900
2021-05-27,533.266418838501,546.8962314605714,530.7108289718628,545.1925048828125,39668900
2021-05-28,545.1924255279034,566.4890046500872,543.4886991981288,564.7852783203125,5510000
2021-05-31,561.3780137282151,561.3780137282151,549.4519254244291,553.7112426757812,3696400
2021-06-01,557.9704850235793,563.9335283749764,546.8962616566992,563.0816650390625,3323300
2021-06-02,566.489047241211,598.0079867117746,566.489047241211,596.3042602539062,6965900
2021-06-03,591.1930720375739,599.7117041994985,588.6374823889964,594.6005249023438,4773700
2021-06-04,588.6375689078068,589.4894322492074,577.5633454695992,587.7857055664062,4074000
2021-06-07,590.341188336363,603.1191361358512,586.9337355898327,602.2672729492188,3966000
2021-06-08,606.5267239565349,622.7121281070604,606.5267239565349,616.7490844726562,4275800
2021-06-09,623.5639170121174,635.4900028566115,621.8601904629039,626.1195068359375,4521800
2021-06-10,628.6750788864782,635.4899848906678,619.3045831307178,622.7120361328125,2675500
2021-06-11,623.5639517827289,629.5269950374817,620.1564984942987,621.0083618164062,3285000
2021-06-14,621.8602700106035,625.2677235449081,603.1192755719277,605.6748657226562,3477200
2021-06-15,611.6378652732232,624.4158151048364,609.0822753069004,621.0083618164062,3039000
2021-06-16,621.0084271156625,632.9345148792005,621.0084271156625,621.8602905273438,2705100
2021-06-17,624.4157492669074,627.8232021960583,617.6008434086056,620.1564331054688,2010200
2021-06-18,618.4527054474133,622.7120216006325,606.5266202183999,608.2303466796875,4721400
2021-06-21,590.3412607127223,594.600577168081,586.0819442573635,592.8968505859375,4557800
2021-06-22,611.6378784179688,615.8971951200438,605.6748350350638,611.6378784179688,2877800
2021-06-23,609.9341696184233,609.9341696184233,601.4155359645348,603.1192626953125,2815700
2021-06-24,599.7117832977208,606.5266899261039,597.1561933120771,598.008056640625,3400600
2021-06-25,602.267395636048,603.9711223563763,588.6375818734217,590.34130859375,4781900
2021-06-28,587.7857055664062,590.341295590608,580.9707988352015,587.7857055664062,3230400
2021-06-29,573.3040247938368,575.0077514648438,567.3409814453125,575.0077514648438,5211300
2021-06-30,582.6745528717955,584.3782796345785,569.0447387695312,569.0447387695312,4704600
2021-07-01,566.489118382718,566.489118382718,558.8223483594932,563.0816650390625,3883700
2021-07-02,563.0816650390625,569.0447083904595,562.2298017031486,563.0816650390625,2755000
2021-07-05,563.0816647677951,578.4152048068577,563.0816647677951,575.0077514648438,3966900
2021-07-06,577.5632051740374,578.4150683085123,571.6001632327125,572.4520263671875,1647700
2021-07-07,563.9334151554251,567.3408678149746,559.6740993309884,564.7852783203125,2988200
2021-07-08,561.3778944352439,563.9334842429915,552.0073984735023,554.56298828125,3430800
2021-07-09,546.0444071671261,555.4149040139879,541.7850904185526,552.8593139648438,4219700
2021-07-12,565.6372286498092,565.6372286498092,557.970458984375,557.970458984375,2605500
2021-07-13,562.2298541380169,564.7854443840987,558.8224004765743,561.3779907226562,1951500
2021-07-14,556.2667498448099,557.9704764905827,547.748116615946,549.4518432617188,3502600
2021-07-15,548.5999755859375,552.0074288504464,546.896248953683,548.5999755859375,1858700
2021-07-16,545.1924792631173,554.5629750004521,541.7850262677227,552.0073852539062,2100300
2021-07-19,546.0443944810312,549.4518478007255,537.5257611817951,538.3776245117188,2522000
2021-07-20,528.155255998884,534.1182992117746,523.8959394182477,524.747802734375,2863500
2021-07-21,536.6738538343424,541.7850333946694,526.4514947136881,529.8589477539062,2442700
2021-07-26,543.4888180841763,543.4888180841763,527.303414410823,529.0071411132812,2812700
2021-07-27,537.5257134865589,541.7850297582431,532.4145339605377,540.9331665039062,2807300
2021-07-28,534.118268498257,540.0813113682534,528.1552256282604,530.7108154296875,2970000
2021-07-29,534.9701317653993,534.9701317653993,525.5996358268334,530.7108154296875,2420600
2021-07-30,523.8958740234375,528.1551900724085,520.4884211842607,523.8958740234375,2544900
2021-08-02,526.451481487909,529.0070712038696,519.6365755786803,527.3033447265625,1707800
2021-08-03,524.7477851817811,530.7108281952104,519.6366054559845,521.34033203125,1909000
2021-08-04,526.4515777139835,527.3034411083427,519.6366705591099,522.1922607421875,1838100
2021-08-05,520.4884431900517,530.7108021397745,518.7847166984312,528.1552124023438,2261600
2021-08-06,530.7108021397745,535.8219816146359,524.7477594191029,528.1552124023438,1743000
2021-08-10,529.007075648154,535.8219816146359,525.5996226649131,528.1552124023438,2182400
2021-08-11,532.4145854931872,546.0443988818128,528.1552688092418,539.2294921875,4454800
2021-08-12,547.7480991500402,562.2297751773352,539.2294661928079,546.0443725585938,3704600
2021-08-13,549.4517626602684,551.1554890561142,532.4144987018104,534.1182250976562,2480800
2021-08-16,529.0071591940722,529.8590225744169,517.9329352495909,520.488525390625,2687700
2021-08-17,517.0810062485253,517.9328695207635,506.8586469816682,507.71051025390625,3053300
2021-08-18,506.8586861090517,513.6735928130389,506.0068227710533,509.4142761230469,2017500
2021-08-19,501.7474844349936,507.7105275437287,499.19189453125,499.19189453125,2078400
2021-08-20,499.1919733639647,500.0438367997393,494.0807927493166,496.6363830566406,2403600
2021-08-23,494.0807491997844,504.3031095280558,494.0807491997844,500.0437927246094,1934100
2021-08-24,506.0068270726276,511.9698704893084,504.30310038214736,510.2661437988281,2020800
2021-08-25,517.932861328125,523.0440408807051,514.5254082930716,517.932861328125,2352800
2021-08-26,523.8959394182477,526.4515293666294,518.7847595214844,524.747802734375,2087000
2021-08-27,524.7478243571356,535.8220479231142,523.0440976546774,529.0071411132812,2486200
2021-08-30,541.7851251154258,550.3037591581211,540.9332617111562,547.7481689453125,3282100
2021-08-31,542.636962890625,546.0444163467671,537.525782706412,542.636962890625,3225200
2021-09-01,545.1926081730769,555.414969576322,544.3407447228064,553.7112426757812,3036500
2021-09-02,552.0075157752403,555.414969576322,548.6000619741586,553.7112426757812,2181300
2021-09-03,552.0074374112215,562.2297973632812,550.3037107525449,562.2297973632812,3037400
2021-09-06,579.2671124021982,581.8227026039726,568.1928881945091,571.600341796875,2914700
2021-09-07,575.8596406508123,580.970820893275,574.1559139033246,580.1189575195312,2839300
2021-09-08,579.266947398857,587.785578978252,572.4520421353411,586.9337158203125,2813100
2021-09-09,589.4894409179688,594.600621041535,584.3782607944025,589.4894409179688,2184200
2021-09-10,587.7857055664062,592.8968856148098,584.3782522008039,587.7857055664062,3360700
2021-09-13,588.6375129862034,600.5635986328125,585.2300599443151,600.5635986328125,3538400
2021-09-14,603.9710561087719,603.9710561087719,594.6005601747853,601.4154663085938,2442400
2021-09-15,593.7486693268268,593.7486693268268,580.1188576923515,584.378173828125,2773100
2021-09-16,584.3781988304783,584.3781988304783,563.9334805040475,565.63720703125,3650700
2021-09-17,560.5259335645989,575.0076066202192,558.8222073227612,570.748291015625,3091800
2021-09-21,556.2667111316359,569.0446600856552,555.4148478680347,565.63720703125,2720200
2021-09-22,562.2296888256504,569.8964573096366,562.2296888256504,564.7852783203125,2563900
2021-09-24,575.0077730066636,580.1189532111673,572.4521829044118,579.26708984375,2097400
2021-09-27,583.5263586933678,594.6005815590813,580.1189055039175,593.7487182617188,2476100
2021-09-28,596.3043037502246,597.1561670412963,584.3782176752201,592.8968505859375,2930200
2021-09-29,588.588054507495,594.6204357396363,584.2792107702513,593.7586669921875,2459500
2021-09-30,595.4821910913439,601.5145721877831,590.3115787229676,594.6204223632812,2997700
2021-10-01,590.311580812377,590.311580812377,572.2144374590049,574.7997436523438,2043800
2021-10-04,586.864462066115,597.20568606728,584.2791560658237,589.4497680664062,2171100
2021-10-05,588.588052816952,591.1733590518727,577.3850591322955,586.0027465820312,1977500
2021-10-06,580.8321034994469,592.8968652932041,567.0438043065818,572.2144165039062,3122700
2021-10-07,573.0761671582183,574.799704503055,556.7025623822691,557.5643310546875,2712500
2021-10-08,560.1496547101492,583.4174095981092,560.1496547101492,572.2144165039062,3749900
2021-10-11,579.1085416666667,584.2791536458334,576.5232356770833,581.69384765625,2222000
2021-10-12,581.6939220937847,584.2792284142016,574.7997719060066,580.8321533203125,2334200
2021-10-13,579.9703181270997,591.1733108992429,579.1085494523196,585.1409301757812,1712700
2021-10-14,586.8645153270048,587.7262840719784,578.2468278772691,586.0027465820312,1342200
2021-10-15,590.3115634414808,592.0351008529886,585.1409512069569,587.7262573242188,1367900
2021-10-18,589.4497947357268,590.3115634414808,586.0027199127107,587.7262573242188,1470300
2021-10-19,586.0028067075726,589.4498820411466,577.3851183736377,578.2468872070312,1340500
2021-10-20,582.5556163194444,586.0026909722222,578.2467730034722,581.69384765625,1385200
2021-10-21,589.4497926437128,591.1733300491038,579.108568211367,579.9703369140625,1720600
2021-10-22,571.3526611328125,580.8321170490432,567.0438175345258,571.3526611328125,1883500
2021-10-25,573.9379692077637,586.0027313232422,573.9379692077637,579.1085815429688,2374300
2021-10-26,586.0027178329309,593.7586361571903,579.108568211367,579.9703369140625,2118800
2021-10-27,577.3850498456826,579.1085873079086,572.2144374590049,574.7997436523438,1697800
2021-10-28,573.9379957512243,579.9703770879489,570.4909207016674,577.3850708007812,6874600
2021-10-29,574.7996665016834,577.3849723480179,567.0437489626802,567.905517578125,1871900
2021-11-01,577.3851183736377,580.8321937072117,573.0762742066703,578.2468872070312,2154300
2021-11-02,569.629135248672,573.0762101972267,562.7349853515625,562.7349853515625,2316100
2021-11-04,567.0437489626802,568.7672861935698,558.4260628082322,567.905517578125,2216600
2021-11-05,553.2555391811046,561.8732267072901,541.190776644445,546.3613891601562,4728400
2021-11-08,552.3937377929688,566.1820370202504,545.4995881793279,552.3937377929688,3425300
2021-11-09,555.8408727525156,561.0114855223064,543.7761096230037,544.6378784179688,1752000
2021-11-10,541.1906474764385,548.0847958519346,539.4671103825646,542.9141845703125,1819800
2021-11-11,544.6378364928614,553.2555237791408,536.8819179352099,539.4672241210938,1670100
2021-11-12,540.3289981859566,562.7349853515625,540.3289981859566,562.7349853515625,2585800
2021-11-15,565.3202915629786,567.9055977743947,560.1496791401464,562.7349853515625,1779700
2021-11-16,568.7673530228641,579.1085776232799,561.0114345725524,563.5967407226562,2949700
2021-11-17,567.043792059117,567.9055607400579,552.3937244831216,553.2554931640625,2367000
2021-11-18,561.8731767607898,567.0437888168707,554.9790273526819,565.3202514648438,3136900
2021-11-19,563.5967117616161,573.0761671582183,556.7025623822691,557.5643310546875,1826200
2021-11-22,546.3613907738385,556.7026158358038,543.7760845083471,554.1173095703125,1594900
2021-11-24,554.9790766863417,565.3203017177642,543.7760829023007,546.3613891601562,2110100
2021-11-25,555.8408813476562,558.426187772529,553.2555749227835,555.8408813476562,2143200
2021-11-26,550.6702156746986,551.5319844003241,530.849534985312,531.7113037109375,2725500
2021-11-29,517.0611457889693,518.7846829415992,504.13461714424506,505.858154296875,3643700
2021-11-30,513.6140849142758,518.7846965073726,503.2728617280824,504.9963989257813,5557200
2021-12-01,499.82577426267034,509.3052286021348,496.37869995741056,505.858154296875,3960100
2021-12-02,498.96406749856885,510.1670603785022,498.1022988154971,499.8258361816406,2945600
2021-12-03,510.16705020111385,523.955348855198,509.3052815352336,522.2318115234375,2674000
2021-12-06,516.1994018554688,520.5082449427431,511.0287901507395,516.1994018554688,1786500
2021-12-07,521.3700604630129,540.328971752577,518.7847543780723,536.8818969726562,2935700
2021-12-08,520.5082557029973,534.2965538673152,512.7523379855686,527.4024047851562,4545000
2021-12-09,522.2318061291684,532.5730300129143,522.2318061291684,526.5406494140625,2500700
2021-12-10,526.5406334214344,534.2965510986733,518.7847157441956,519.646484375,2092900
2021-12-13,524.8171041824869,529.9877160463537,522.2317982505534,523.0935668945312,2139100
2021-12-14,518.784761316636,524.8171422621783,512.7523803710938,512.7523803710938,2688800
2021-12-15,521.3700734227417,536.0201416015625,518.784767273538,536.0201416015625,3598700
2021-12-16,542.0525091425374,544.637815227478,536.0201282776761,536.8818969726562,2015100
2021-12-17,548.9466860367288,550.6702235125114,529.12600506523,535.1583862304688,4467900
2021-12-20,526.5406660041554,530.8495094248112,510.1670610056628,513.6141357421875,3854700
2021-12-21,524.8170776367188,530.8494578394397,520.5082346347752,524.8170776367188,2185500
2021-12-22,533.4347718380403,534.2965404516721,524.817085701723,528.26416015625,1173400
2021-12-23,535.1582582473756,557.5642400741577,533.4347211837769,551.5318603515625,3972800
2021-12-24,551.5319558021806,554.9790305259443,544.6378063546534,553.2554931640625,2031600
2021-12-27,550.6701447109006,551.5319133254717,542.9142271797612,548.0848388671875,1239300
2021-12-28,555.8408146784856,561.8731956129808,554.9790459735577,560.149658203125,2236800
2021-12-29,557.5643845909676,560.149690856459,549.8084657944936,554.1173095703125,1567200
2021-12-30,550.6702345496574,557.5643845909676,546.3613907738385,554.1173095703125,1546500
2022-01-04,546.3613437165352,556.7025678878261,544.6378063546534,553.2554931640625,1966400
2022-01-05,559.287831423677,569.6290548090146,556.7025255773426,567.905517578125,2506800
2022-01-06,565.3203033874416,570.4909159184243,554.1173095703125,554.1173095703125,1983800
2022-01-07,562.7349853515625,566.1820603001173,555.840835454453,562.7349853515625,2057500
2022-01-11,554.9790592046659,565.3202839103428,554.1172904791928,559.2879028320312,2584800
2022-01-12,564.4584773492164,573.0761640263037,563.5967086815076,569.6290893554688,2280500
2022-01-13,566.1819722648796,567.9055094711654,561.0113606460222,564.4584350585938,1423000
2022-01-14,561.0114364019475,564.4585112799933,541.1907558531844,543.7760620117188,3769200
2022-01-17,548.0848810784171,565.3202546972352,548.0848810784171,553.2554931640625,2324000
2022-01-18,557.5643286630277,561.8731720066369,545.4995673009221,549.8084106445312,2528900
2022-01-19,542.0524065017701,555.8407030105591,542.0524065017701,551.5318603515625,3174000
2022-01-20,545.4995488705842,556.702541185462,543.7760115913723,554.97900390625,1802500
2022-01-21,552.3936454867139,558.426025390625,547.2230341405044,558.426025390625,1962400
2022-01-24,563.5967426558965,571.3526611328125,560.1496677772672,571.3526611328125,2533200
2022-01-25,570.4907936142997,570.4907936142997,554.9789593468414,561.8731079101562,2970000
2022-01-26,556.7026158358038,562.7349971219503,553.2555408151487,554.1173095703125,2086500
2022-01-27,553.2555451749429,562.735001556445,538.6054762217123,542.0525512695312,3041100
2022-01-28,545.4995696408303,557.5643310546875,545.4995696408303,557.5643310546875,3189400
2022-01-31,559.2879048795365,559.2879048795365,537.7436866638378,539.4672241210938,4258100
2022-02-01,541.190836328125,542.0526051757812,535.1584543945312,538.6055297851562,2199200
2022-02-02,547.2231406754081,570.4908962631813,545.4996032244619,559.2879028320312,4118800
2022-02-03,560.149665855851,564.4585094393576,557.564359705747,563.5967407226562,1849200
2022-02-04,559.2879028320312,562.7349777339235,554.9790592046659,559.2879028320312,1781000
2022-02-07,560.149658203125,565.3202704326923,555.8408146784856,560.149658203125,1928200
2022-02-08,555.8407490271649,567.0437408680225,551.5319060114505,564.4584350585938,1912500
2022-02-09,565.3202800952112,573.0761985721272,562.7349739362392,571.3526611328125,1989700
2022-02-10,588.5879863266498,590.3115236218962,559.2878523074608,570.4908447265625,4186300
2022-02-14,575.6614779135339,576.5232465930451,565.3202537593985,573.076171875,2431200
2022-02-15,572.2144414600881,576.5232851457815,560.1496791401464,562.7349853515625,2137000
2022-02-16,571.3525948895665,578.2467438475101,565.320214551366,575.6614379882812,1818800
2022-02-17,574.7997092340225,576.5232465930451,568.7673284774436,573.076171875,1800300
2022-02-18,564.4585132598877,579.9703502655029,564.4585132598877,579.1085815429688,1993100
2022-02-21,573.9379539030144,578.2467974007848,569.629110405244,572.2144165039062,2081400
2022-02-22,563.5967196275562,566.1820256808936,555.840801467544,561.0114135742188,1342400
2022-02-24,559.2879067728838,563.5967504306102,542.0525321419783,547.22314453125,2373100
2022-02-25,554.1173079337232,554.9790766863417,540.3290078918264,546.3613891601562,2073600
2022-02-28,546.3612622184933,554.1171791900491,543.7759565613079,550.6701049804688,2888800
2022-03-01,554.1173095703125,558.4261533461314,551.5320033048212,554.1173095703125,1495100
2022-03-02,541.1907302606301,542.9142676181481,524.8171253642098,525.6788940429688,3545300
2022-03-03,527.402534765625,542.9143740234375,527.402534765625,538.6055297851562,2176000
2022-03-04,535.1583279102206,537.743633842154,521.3700296065756,523.0935668945312,2415700
2022-03-07,511.0288927891056,514.4759679512581,501.5494360931863,507.5818176269531,3523700
2022-03-08,499.82580964917577,514.4758764837206,499.82580964917577,501.5493469238281,3116500
2022-03-09,508.4435386398212,514.4759196067344,504.1346950920261,506.7200012207031,2290400
2022-03-10,523.0935772311302,536.0201071462324,519.646502587103,534.2965698242188,3310400
2022-03-11,529.9878050748968,531.7113426523761,518.784810821281,521.3701171875,2396600
2022-03-14,530.8495836759869,544.6378845506878,530.8495836759869,540.3290405273438,2270300
2022-03-15,539.4672656481779,548.9467223927945,537.7437280582476,544.6378784179688,1671500
2022-03-16,548.9467088840961,553.255552752888,543.7760962415457,545.4996337890625,1937900
2022-03-17,562.734868179133,564.4584052945361,549.8083398136092,558.426025390625,2809200
2022-03-18,560.1496677772672,572.2144298524698,559.2878990576098,571.3526611328125,3051200
2022-03-22,579.1086436536343,587.726331803242,575.6615683937913,586.8645629882812,3186900
2022-03-23,594.6203848031851,608.40868358123,590.3115414350461,604.9616088867188,3438800
2022-03-24,594.6203480788147,598.0674225604309,591.1732735971983,595.4821166992188,2436600
2022-03-25,604.099797654426,604.099797654426,592.0350370735957,599.7909545898438,2856300
2022-03-28,606.6851249552933,607.5468935986956,597.2056698778669,602.3762817382812,2165300
2022-03-29,601.5144918156766,603.2380290415095,592.8968056865122,599.7909545898438,2178900
2022-03-30,600.6640738719068,601.5371321188137,586.6951419213974,599.791015625,2976700
2022-03-31,583.2029344688891,598.9179836012843,582.329876183756,588.4412841796875,2940500
2022-04-01,581.4568025959072,590.1873852174673,577.9645695472831,584.9490356445312,3041800
2022-04-04,585.8220939066873,585.8220939066873,572.726219974347,584.9490356445312,2165600
2022-04-05,587.5681947816958,588.4412530205987,577.0914959148602,581.456787109375,2744900
2022-04-06,580.5837132203254,584.0759460818011,573.5992474973742,577.9645385742188,3448000
2022-04-07,569.2340474382837,571.8532225031838,554.3920554038499,557.01123046875,3988000
2022-04-08,557.0111424243356,559.6303170752337,550.0266766886073,554.3919677734375,3872600
2022-04-11,557.0111482201553,572.7261962890625,554.3919735420042,572.7261962890625,2344900
2022-04-12,571.853142304067,579.7106663967946,570.9800840715417,577.0914916992188,2536200
2022-04-13,585.8220598467392,589.3142926923233,577.9645359441748,587.5681762695312,2993000
2022-04-14,590.1874462605913,602.4102631949822,589.3143879081348,598.9180297851562,1762300
2022-04-15,592.8064781898676,602.4101177481717,589.3142456232115,600.6640014648438,1697800
2022-04-18,594.5526661435589,605.029365106441,592.8065496497452,599.791015625,1758900
2022-04-19,603.283203125,605.0293194871563,596.2987376763748,603.283203125,1886400
2022-04-20,610.2677336748909,610.2677336748909,590.1873933679917,593.6796264648438,2183400
2022-04-21,592.8065873853353,605.0294036200845,592.8065873853353,601.5371704101562,2241200
2022-04-22,597.1718941129293,598.9180107623823,589.3143691903907,591.0604858398438,1589000
2022-04-25,581.456821355345,581.456821355345,575.3454133230816,578.837646484375,1648900
2022-04-26,584.9490086499719,585.8220668718375,578.8376010969124,582.329833984375,1685100
2022-04-27,570.1070146358985,582.3298296510633,570.1070146358985,577.9645385742188,2186300
2022-04-28,580.5837859431257,593.6796608140232,577.9646109689462,591.0604858398438,1762600
2022-05-02,582.3298045970776,593.6795609085648,578.8375718858507,589.3142700195312,1830100
2022-05-06,589.3143237949993,595.4257315973178,582.3298577352067,594.5526733398438,1870900
2022-05-09,585.8220598467392,591.0604091151154,580.583710578363,587.5681762695312,1764700
2022-05-10,576.2183858580509,576.2183858580509,557.8841644898401,566.61474609375,3212700
2022-05-11,558.7573471786834,559.6304055336501,552.6459386939166,557.01123046875,3077600
2022-05-12,568.360954106133,575.3454205160394,557.8842544912734,559.63037109375,4119000
2022-05-13,562.2495389682316,584.9490545166384,562.2495389682316,578.837646484375,3526100
2022-05-16,581.4567280310711,581.4567280310711,569.2339139283158,571.8530883789062,2073900
2022-05-17,570.1070523549275,581.4568099056382,567.4878775355328,579.710693359375,1560500
2022-05-18,583.2029077839744,591.0604319906448,577.0915000676753,585.8220825195312,1891500
2022-05-19,570.1070188782562,584.0759504281062,570.1070188782562,582.329833984375,3391100
2022-05-20,570.9801257470411,585.8221167832792,569.2340091545425,583.2029418945312,2994500
2022-05-23,589.3142926923233,591.0604091151154,584.0759434239471,587.5681762695312,1644600
2022-05-24,591.0604550029486,594.5526881196573,582.3298722111768,584.0759887695312,2060900
2022-05-25,585.8220373083044,589.3142700195312,577.0914555302372,589.3142700195312,2543900
2022-05-26,591.0603572460079,601.5370548633671,589.3142409764481,596.2987060546875,3067200
2022-05-27,599.7910343843348,600.6640926585478,588.4412768195657,593.6796264648438,2860400
2022-05-30,602.4101861411176,602.4101861411176,594.5526619740594,595.4257202148438,3424100
2022-05-31,588.441276090691,593.6796257294804,577.0915185399803,579.710693359375,6748300
2022-06-01,582.3299025925787,595.4257774634763,580.5837859431257,591.0604858398438,3553400
2022-06-02,589.3143269553113,591.9335017417794,583.2029191202192,584.9490356445312,3065000
2022-06-03,589.3143384445942,589.3143384445942,573.5992894194051,584.0759887695312,3180100
2022-06-06,580.5836970197023,600.6640354128649,580.5836970197023,598.0448608398438,2854700
2022-06-07,601.5371076518678,603.2832240746599,587.5681762695312,587.5681762695312,2346900
2022-06-08,598.0448628424238,614.6329685271041,597.1718046484932,612.0137939453125,4365600
2022-06-09,611.1408041535522,615.5060956117918,606.7755126953125,606.7755126953125,2776100
2022-06-10,605.9024430198232,615.5060840475148,603.283268194089,607.6485595703125,3232000
2022-06-13,599.7909433231797,612.013757306476,598.9178851815157,600.6640014648438,3504600
2022-06-14,591.9334744248969,592.8065326467625,581.4567757625093,582.329833984375,3386000
2022-06-15,590.187362307594,595.4257116771879,585.8220711662656,586.6951293945312,4207100
2022-06-16,604.1563378203688,612.8869207368481,604.1563378203688,606.7755126953125,4613200
2022-06-17,591.0605046130478,605.9024966048082,591.0605046130478,598.9180297851562,6303600
2022-06-20,602.4102092069738,604.1563257553998,593.6796264648438,593.6796264648438,2930600
2022-06-21,610.267701646498,626.8558079859594,606.7754687329273,624.2366333007812,4975700
2022-06-22,630.3480909976213,641.6978488687696,625.1097412109375,625.1097412109375,3965400
2022-06-23,619.8714363181984,639.0787202604524,619.8714363181984,635.5864868164062,3176500
2022-06-24,633.8402578619463,633.8402578619463,618.9982683527821,620.744384765625,3018300
2022-06-27,630.3481219447939,631.2211802854376,616.3791884944937,618.1253051757812,3027900
2022-06-28,629.4749841024709,639.9516828670058,627.7288676417152,638.20556640625,3273300
2022-06-29,633.8402370876736,644.3169352213541,632.0941207320601,636.4594116210938,3105000
2022-06-30,631.2211106244256,633.840285357307,620.7444116928998,623.3635864257812,4288600
2022-07-01,625.9828376451243,637.3325962077276,623.3636625922157,626.8558959960938,2981600
2022-07-04,632.9672658909632,638.2056156776471,622.4905663175956,625.1097412109375,1606700
2022-07-05,627.728931427002,627.728931427002,612.8869400024414,614.633056640625,2314900
2022-07-06,604.1562681768933,612.8868500869639,595.4256862668225,598.0448608398438,3263600
2022-07-07,607.6484713203464,612.886820211039,596.2987153905123,605.029296875,3282700
2022-07-08,606.7755126953125,616.3791539034398,599.7910463621291,606.7755126953125,3957100
2022-07-11,612.8868565545879,620.7443803565699,611.1407401541475,616.3790893554688,2468200
2022-07-12,617.2521890341978,617.2521890341978,605.9024316686468,608.5216064453125,2346200
2022-07-13,612.8869859095981,617.2522778320313,610.2678107561384,611.140869140625,2044000
2022-07-14,609.3946419689959,612.0138166479458,605.9024090637295,610.2677001953125,1613000
2022-07-15,607.6485670006793,610.2677418584409,596.2988092837126,602.4102172851562,2289500
2022-07-19,608.5216178455572,614.6330257722701,606.7755012950678,607.6485595703125,2577800
2022-07-20,613.7599445332087,613.7599445332087,606.7754785925747,609.3946533203125,2127300
2022-07-21,610.2676819539273,618.1252057559092,607.6485073532667,616.3790893554688,2190900
2022-07-22,610.267686288568,621.6174429720464,605.902395256461,620.744384765625,2233600
2022-07-25,625.1096986843265,626.8558151610983,617.2521745388532,618.998291015625,1622800
2022-07-26,630.347995296473,633.8402279573953,625.1096463050895,627.7288208007812,1676600
2022-07-27,631.2211417834844,632.9672583582659,625.9827920591401,630.3480834960938,1406100
2022-07-28,630.348045179579,630.348045179579,621.6174628363715,628.6019287109375,2031300
2022-07-29,628.6020126980327,629.4750710490023,621.6175458902768,626.8558959960938,2009600
2022-08-01,628.6018880208333,637.3324697989004,623.363538953993,636.4594116210938,2077300
2022-08-02,630.3481824674659,633.8404161653466,625.982890345115,632.0942993164062,1987400
2022-08-03,624.2366634298754,626.8558382414693,614.6330224540311,617.252197265625,2491000
2022-08-04,622.4905011784679,625.9827340041535,616.379093733518,620.744384765625,2661400
2022-08-05,629.4750326998407,641.6978488687696,619.8713914242536,625.1097412109375,3230300
2022-08-08,625.9827497575667,630.3480408995301,619.8713421588178,624.2366333007812,1869200
2022-08-09,625.1097143314998,630.348063892937,620.7444230303022,622.4905395507812,1846300
2022-08-10,633.8403126225811,633.8403126225811,622.4905549585404,625.9827880859375,1817300
2022-08-12,636.4594959038263,650.4284285985605,631.221146143301,648.6823120117188,3761200
2022-08-15,652.1745871582032,658.2859956054688,645.1901203613281,654.7937622070312,2332500
2022-08-16,654.7937165520867,663.5242994394479,650.4284251084061,658.2859497070312,2377300
2022-08-17,661.7780488475269,662.6511069594629,653.0474677281663,659.1588745117188,1940800
2022-08-18,653.047607421875,657.4128989153368,648.6823159284133,653.047607421875,1804000
2022-08-19,659.1590079957673,659.1590079957673,653.9206582633507,658.2859497070312,1320400
2022-08-22,646.0631787109374,658.2859956054688,644.3170620117188,654.7937622070312,2613300
2022-08-23,652.1744610882446,652.1744610882446,644.3169374606754,650.4283447265625,2563600
2022-08-24,654.7936242643054,655.6666824299912,651.3013916015625,651.3013916015625,1594500
2022-08-25,656.5397405956769,656.5397405956769,645.1899844417622,651.3013916015625,1230000
2022-08-26,649.555275270191,653.9205660986197,645.1899844417622,651.3013916015625,1354900
2022-08-29,640.8247227449082,646.9361301825298,638.2055481287846,644.3169555664062,1902600
2022-08-30,650.4284704589844,658.2859956054688,647.8092954101562,654.7937622070312,2342700
2022-08-31,646.9361655162908,657.4128645529919,645.190049010174,655.666748046875,4352700
2022-09-01,651.3013916015625,658.2858569270484,646.9361007731337,651.3013916015625,2200600
2022-09-02,648.6822665826065,654.793674208553,648.6822665826065,652.1744995117188,1718800
2022-09-05,650.4284361550733,651.3014944586372,640.8247948158709,643.4439697265625,1639600
2022-09-06,645.1900407428201,651.3014484359185,640.824749533464,646.9361572265625,1174800
2022-09-07,645.1901203613281,654.7937622070312,642.5709453125,654.7937622070312,2009500
2022-09-08,660.031959875907,667.0164250597791,658.285843579939,661.778076171875,3220100
2022-09-09,660.9051362869798,671.3818359375,658.2859613743498,671.3818359375,2703400
2022-09-12,673.1278774051447,682.7315176794075,670.5087027848912,681.8584594726562,2123400
2022-09-13,682.7315246975807,686.2237575604838,674.0009425403226,676.6201171875,1544600
2022-09-14,667.0164768145161,682.7315246975807,666.1434185987903,676.6201171875,2895000
2022-09-15,680.112331770875,684.4776227321771,676.6200990018333,682.7315063476562,1321700
2022-09-16,681.8584835028498,694.081298828125,680.9854252653302,694.081298828125,3359200
2022-09-20,698.4465900157232,700.1927064907626,687.9698911654874,694.081298828125,3384400
2022-09-21,690.5890844509686,696.7004922779684,687.0968514069688,687.9699096679688,2026400
2022-09-22,684.4776611328125,684.4776611328125,678.3662534441268,684.4776611328125,2059500
2022-09-26,680.1124538491351,682.7316288960509,667.8896369635281,668.7626953125,2727800
2022-09-27,667.8896295456659,669.6357462242167,659.1590461529122,660.0321044921875,2337400
2022-09-28,647.809303870568,652.1745956756257,630.348136650337,635.5864868164062,4104800
2022-09-29,648.8462804057209,667.4100023246857,645.3103333735371,665.6420288085938,3555300
2022-09-30,655.0341562812084,668.2939570156458,652.3821961343209,663.8740234375,3402600
2022-10-03,662.1060817764101,666.5260155666398,653.2662141959506,665.6420288085938,1854500
2022-10-04,683.321604734773,696.5814030155254,681.5536316306727,693.929443359375,4164900
2022-10-05,707.1893248895202,708.0733115456321,693.0455383917298,700.117431640625,3857100
2022-10-06,698.3495246887207,711.6093257904053,694.8135777282715,707.1893920898438,2987800
2022-10-07,700.1174954361652,705.4214158561362,698.3495219628415,703.6534423828125,2284800
2022-10-11,704.5373911772673,717.7971915131004,693.0455642195452,694.8135375976562,3340500
2022-10-12,691.2775908414341,697.4654976648229,688.6256307742675,694.8135375976562,1911700
2022-10-13,689.5095939390121,690.3935805979082,683.3216873267389,685.0896606445312,1365300
2022-10-14,697.4654716722894,706.3053382334083,693.0455383917298,700.117431640625,1850800
2022-10-17,695.6974808338779,704.5373471723008,693.9295075661934,697.4654541015625,1625500
2022-10-18,704.5373618033937,704.5373618033937,694.8135086291937,696.5814819335938,2126300
2022-10-19,693.0455353247938,698.3494552379938,690.3935753681938,696.5814819335938,1298800
2022-10-20,693.0455467253353,696.5814933923012,690.3935867251108,692.1615600585938,1871000
2022-10-21,685.0895927657982,686.8575659084196,675.3657404813804,678.0177001953125,2036200
2022-10-24,684.2057029237138,685.0896896199978,664.7579956054688,664.7579956054688,2193700
2022-10-25,665.6419823017526,667.4099556943204,659.4540754277656,664.7579956054688,2206100
2022-10-26,668.2938842773438,674.481790613245,664.7579377996858,668.2938842773438,2228800
2022-10-27,670.0619041614204,671.829877523324,660.3380506709514,669.1779174804688,1809700
2022-10-28,662.1060500062416,672.7138905937916,661.2220632906125,663.8740234375,4164400
2022-10-31,670.0618720250413,672.7138319407078,660.3380190009312,667.409912109375,2210200
2022-11-01,673.5978508852274,673.5978508852274,663.8739973947582,669.1779174804688,1791600
2022-11-02,667.4100023246857,670.0619625988235,664.7580420505478,665.6420288085938,2195700
2022-11-04,654.1501289274507,662.1060088738657,650.6141822845997,651.4981689453125,2826800
2022-11-07,647.9622512090774,653.2661714099703,646.1942778087798,649.730224609375,2728300
2022-11-08,651.4982094186918,670.0619304469041,650.6142227030625,663.8740234375,2734300
2022-11-09,662.1060589484449,665.642005858717,655.0341651279008,655.9181518554688,2271200
2022-11-10,667.4098976579293,671.8298307550017,655.9180716055411,668.2938842773438,4839500
2022-11-11,676.2497868678525,677.133773517353,656.8020805788424,659.4540405273438,3869000
2022-11-14,648.8462438187111,651.4982039433106,637.3544166121126,638.2384033203125,4225000
2022-11-15,632.0504906063989,637.3544108072916,630.2825172061011,631.16650390625,4399600
2022-11-16,627.6304719797408,629.3984451402472,618.7906061772093,621.4425659179688,6502400
2022-11-17,619.6746654696193,639.122372517168,619.6746654696193,635.58642578125,4085600
2022-11-18,636.4704270216747,640.0063738384619,631.1665067964941,634.7024536132812,2515000
2022-11-21,637.3544021121033,644.4262956168146,637.3544021121033,639.1223754882812,2809200
2022-11-22,648.8462089631741,655.0341155881636,645.3102623203231,651.4981689453125,4111400
2022-11-24,650.6142604518582,658.5701413541227,649.7302736849398,654.1502075195312,2142300
2022-11-25,659.4541454289514,659.4541454289514,653.2662378981167,656.8021850585938,1426000
2022-11-28,659.4541078908381,659.4541078908381,643.5423465744373,647.9622802734375,2156400
2022-11-29,647.0781893522843,655.0340687295665,642.6582563649054,650.6141357421875,1426500
2022-11-30,653.2661916727648,657.6861253106048,650.6142314900607,655.9181518554688,2572900
2022-12-01,661.222060694839,661.222060694839,641.7743530273438,641.7743530273438,2222100
2022-12-02,632.9344274093132,633.8184140397732,624.094561104714,626.7465209960938,2377800
2022-12-05,626.746576284716,627.6305629931571,617.0227224918643,619.6746826171875,2029900
2022-12-06,622.3265524982219,625.8624988192346,618.7906061772093,621.4425659179688,2005200
2022-12-07,618.7906525351784,625.8625457070091,615.2547059492631,622.3265991210938,1647800
2022-12-08,621.4426706368583,621.4426706368583,612.6028033447266,618.7907104492188,2767800
2022-12-09,610.8348442808923,624.094645531563,610.8348442808923,617.90673828125,2677600
2022-12-12,616.1387008557217,620.5586341473696,613.4867408807329,614.3707275390625,1814700
2022-12-13,613.4867523635643,617.0226990630662,609.9508056640625,609.9508056640625,3056100
2022-12-14,614.3707768031529,621.4426706368583,610.8348298863002,618.7907104492188,2319100
2022-12-15,621.4425836406416,624.0945434570312,618.790623824252,624.0945434570312,1335600
2022-12-16,624.0946074149979,631.1665009834397,623.2106207189426,627.6305541992188,3754100
2022-12-19,621.4426354839753,624.9785822008116,613.4867553710938,613.4867553710938,2015800
2022-12-20,622.3266307417168,627.6305508900838,581.6632429375705,586.9671630859375,5024800
2022-12-21,586.0831882393098,586.0831882393098,559.563586961513,563.9835205078125,5957000
2022-12-22,567.5193837483724,574.5912763807509,563.9834374321832,572.8233032226562,3240100
2022-12-23,566.6354630597933,570.1714097871555,559.5635696050689,561.33154296875,3394800
2022-12-26,561.3315399701925,566.6354600329029,554.2596465532451,557.7955932617188,3213600
2022-12-27,561.3315399701925,564.8674866786661,556.9116065846003,557.7955932617188,2503300
2022-12-28,552.4916495046308,553.3756361438382,543.6517831125567,548.0717163085938,3941300
2022-12-29,546.303717567517,554.2595969495682,545.4197309695113,553.3756103515625,2882900
2022-12-30,549.8396958272168,558.6795623196158,549.8396958272168,555.1436157226562,2307700
2023-01-04,554.2596227830456,556.0275960614605,548.0717163085938,548.0717163085938,2394200
2023-01-05,548.9557091779769,555.1436157226562,543.6517892825375,555.1436157226562,2712000
2023-01-06,548.0716907635284,558.6795299395967,548.0716907635284,553.3756103515625,3247300
2023-01-10,555.1436188130439,562.2155120463311,554.259632158883,558.6795654296875,2912600
2023-01-11,566.6354952681944,568.4034687323697,561.3315748756684,563.0995483398438,3484100
2023-01-12,566.6354093216479,566.6354093216479,553.3756103515625,553.3756103515625,2032300
2023-01-13,550.7236551157218,554.2596015370106,541.8837890625,541.8837890625,4174300
2023-01-16,540.9998428797958,542.7678162225402,533.9279495088181,535.6959228515625,2694900
2023-01-17,532.1599761660736,537.4638961943069,526.8560561378404,535.6959228515625,4572800
2023-01-18,539.2317688957094,565.7513640873016,534.8118363637773,556.9114990234375,5577200
2023-01-19,545.4197677488249,548.0717277216718,540.9998344607469,543.6517944335938,3181900
2023-01-20,551.6076371555512,556.9115567435853,549.8396639595397,553.3756103515625,3930300
2023-01-23,558.6795299395967,558.6795299395967,552.4916237535568,553.3756103515625,2340300
2023-01-24,556.911623981849,561.3315575055144,553.3756771629165,560.4475708007812,2397500
2023-01-25,560.447573670773,563.9835205078125,557.7956135429932,563.9835205078125,2509000
2023-01-26,569.2873777433206,579.8952170801526,565.7514312977099,579.01123046875,3996000
2023-01-27,581.663307814915,583.4312813948995,571.0554663350077,571.939453125,3063200
2023-01-30,572.8234107160054,578.127331185598,571.9394239710732,573.7073974609375,3342000
2023-01-31,579.0112625191745,584.3151824811822,577.2432891985053,580.7792358398438,3855200
2023-02-01,582.5471849943463,584.3151582416735,569.2873856393915,571.0553588867188,3179400
2023-02-02,567.5194350908388,572.8233550449587,559.5635551596588,562.2155151367188,3420500
2023-02-03,561.33154296875,564.8674896961122,559.5635696050689,561.33154296875,2321200
2023-02-06,568.4033736714556,579.0112126824314,566.6354005029597,576.3592529296875,3326700
2023-02-07,576.3593696925951,579.0113299825917,568.4034888226053,569.2874755859375,1797000
2023-02-08,576.3592786287006,579.0112384996917,566.6354257684005,571.0553588867188,2026500
2023-02-09,567.5195191750386,574.5914134949768,567.5195191750386,571.939453125,1650400
2023-02-10,567.51953125,569.2875048676012,563.0995972059969,567.51953125,3771200
2023-02-13,566.635350593688,569.2873101128472,555.1435260106647,556.9114990234375,3599200
2023-02-14,563.0995163324311,563.0995163324311,556.9116095595473,561.33154296875,2155300
2023-02-15,570.1714245528453,570.1714245528453,558.679597391315,560.4475708007812,3102500
2023-02-16,562.2155470892927,564.8675072170724,558.6796002522532,563.9835205078125,2537200
2023-02-17,561.33154296875,562.2155296505905,557.7955962413878,561.33154296875,1892100
2023-02-20,562.2154718676643,567.5193914135857,560.4474986856906,564.867431640625,1861500
2023-02-21,563.9835089272697,570.1714157650297,563.9835089272697,568.4034423828125,1689300
2023-02-22,565.7513640873016,567.5193371000744,556.9114990234375,556.9114990234375,3987900
2023-02-24,561.3316116450927,572.8234399149923,559.5636380651082,571.939453125,3347000
2023-02-27,571.0554372261412,574.5913842058695,568.4034769913449,573.7073974609375,2127500
2023-02-28,580.7792213695028,586.967127837671,579.0112480928833,581.6632080078125,3132400
2023-03-01,579.0113060627509,584.315226423631,576.3593458823108,578.1273193359375,2701400
2023-03-02,578.1272260981834,579.0112126824314,572.8233065926955,576.3592529296875,2085000
2023-03-03,579.01123046875,580.7792036915554,576.359270634542,579.01123046875,2999100
2023-03-06,579.895275297619,580.7792619977679,572.8233816964286,575.475341796875,2939000
2023-03-07,576.3593284970239,576.3593284970239,573.7073683965774,575.475341796875,2605900
2023-03-08,579.0112828633871,588.7351364687264,578.1272961719926,586.9671630859375,3055700
2023-03-09,594.0390479894131,598.4589813821915,591.3870879537461,594.9230346679688,3215600
2023-03-10,587.8511962890625,593.1551168570841,584.3152492437148,587.8511962890625,3808600
2023-03-13,583.4311310328532,586.0830907193662,574.5912654111434,577.2432250976562,2772500
2023-03-14,568.4033635139465,571.0553232192993,558.6795112609863,565.7514038085938,3980900
2023-03-15,571.0554663350077,577.2433738649536,567.5195191750386,571.939453125,2511300
2023-03-16,563.0995682426121,572.8234226392663,562.2155814792799,569.2874755859375,3069400
2023-03-17,571.9393891472467,576.3593226027897,566.6354690005953,568.4034423828125,4184700
2023-03-20,565.7514227236422,568.4033825176592,552.4916237535568,553.3756103515625,3593400
2023-03-22,562.2154942741454,563.9834675265798,550.7236681333217,556.027587890625,2837200
2023-03-23,551.6076371555512,554.2595969495682,548.0716907635284,553.3756103515625,2433600
2023-03-24,548.9557813518885,551.6077416482744,545.4198342900406,550.7237548828125,3030600
2023-03-27,556.0276168993595,557.7955902440316,552.4916702100154,554.2596435546875,2660900
2023-03-28,560.4475502610396,560.4475502610396,550.7236968653434,554.2596435546875,1819600
2023-03-29,554.2595925487823,564.867431640625,553.3756059577954,564.867431640625,2839300
2023-03-30,568.0333182638752,573.4603881835938,564.4152716507294,573.4603881835938,3036000
2023-03-31,577.9829145776944,578.8874261811023,572.5558449572466,574.3648681640625,2736900
2023-04-03,578.887473435085,585.2190551757812,575.2694267261157,585.2190551757812,2381100
2023-04-04,585.2190551757812,587.0280785302658,578.887473435085,585.2190551757812,2154000
2023-04-05,577.07840744478,579.7919422760251,568.937802951045,570.746826171875,2711700
2023-04-06,566.2242972458465,573.4603905013845,565.3197855889043,571.6513671875,2150000
2023-04-07,569.8423438736155,573.4603905013845,569.8423438736155,571.6513671875,1591900
2023-04-10,574.3648998368802,576.1739231434531,572.5558765303073,573.4603881835938,1167700
2023-04-11,577.0784524133963,585.219057541485,575.2694290515989,583.4100341796875,2834500
2023-04-12,585.2189646623452,587.0279877370357,581.6009185129644,584.314453125,2007800
2023-04-13,585.2189625869562,587.0279856552312,580.6964049162688,586.1234741210938,2255900
2023-04-14,589.7415455559677,592.4550802747835,587.0280108371519,590.6460571289062,2640400
2023-04-17,592.4551368376617,594.26416015625,586.1235552226027,594.26416015625,2067900
2023-04-18,596.0731201171875,599.6911663697956,591.5505623014274,596.0731201171875,2971100
2023-04-19,600.595741771309,600.595741771309,591.5506251783676,594.26416015625,2124200
2023-04-20,591.5505330279968,596.073090619954,589.7415099912139,595.1685791015625,1918500
2023-04-21,592.4551075260814,594.2641307551687,587.0280378388196,593.359619140625,2710300
2023-04-24,596.0731539842559,596.9776655987996,589.7415726824505,593.359619140625,2322700
2023-04-25,591.5506183054653,599.6912231445312,589.741595007895,599.6912231445312,2758100
2023-04-26,596.0731834748383,596.0731834748383,591.5506251783676,594.26416015625,2571900
2023-04-27,589.741595007895,599.6912231445312,589.741595007895,599.6912231445312,2027000
2023-04-28,606.9273489739697,622.3040478302402,600.595767091976,621.3995361328125,5090100
2023-05-01,621.39944994974,623.2084730936984,608.7362879420306,616.8768920898438,3203900
2023-05-02,616.8769397649808,616.8769397649808,601.5002418529505,603.3092651367188,2518300
2023-05-08,603.3092538673029,613.258881742176,600.5957189923375,612.3543701171875,3291300
2023-05-09,611.4499486512491,615.0679956846884,607.8319016178098,613.2589721679688,2790500
2023-05-10,616.8768646734628,617.781376205242,610.545283951008,614.163330078125,2252500
2023-05-11,653.9618802661738,668.4340657215802,649.4393223113593,656.6754150390625,11437700
2023-05-12,661.1979803981551,677.4791892178088,658.4844455948795,675.670166015625,6741900
2023-05-15,678.3836627828664,682.9062205347522,674.7656165813577,682.001708984375,4308600
2023-05-16,682.9062931511992,682.9062931511992,666.6250835131574,672.9566650390625,4831900
2023-05-17,672.9566650390625,675.6701999787362,663.9115485734837,672.9566650390625,3469300
2023-05-18,676.5746247700652,676.5746247700652,665.72048640477,668.4340209960938,3182500
2023-05-19,671.1476191154491,672.0521307315076,664.8160378030392,666.6250610351562,2679100
2023-05-22,666.6250126279633,683.8107320851293,666.6250126279633,682.001708984375,3927600
2023-05-23,683.8108593750001,690.14244140625,673.86123046875,678.3837890625,3642300
2023-05-24,682.0016876835151,684.7152222498951,672.9565724622483,673.861083984375,2745800
2023-05-25,669.338623046875,671.147646352407,664.8160647830448,669.338623046875,2914100
2023-05-26,669.3385641620088,673.8611220279683,666.6250294424331,667.529541015625,2096600
2023-05-29,673.8611113196388,682.9062269078219,672.9565997608205,676.5746459960938,2439700
2023-05-30,677.479178303929,684.7152709960938,672.9566203713259,684.7152709960938,3055800
2023-05-31,680.1927582115255,683.8108047977571,672.9566650390625,672.9566650390625,4991200
2023-06-01,679.2881701627948,690.1423087006823,676.5746355283229,685.6197509765625,4052900
2023-06-02,685.6197921910237,701.9010009765625,684.7152805918271,701.9010009765625,3013200
2023-06-05,715.4687038463323,715.8305305834198,705.5190758535263,711.4888305664062,3986000
2023-06-06,706.3330947459466,722.97607421875,703.4386467311534,722.97607421875,3097100
2023-06-07,728.131841100675,733.7398240859574,713.5692263614643,715.8305053710938,6431100
2023-06-08,715.468732393705,717.6395824888291,697.9211838779828,705.5191040039062,4313400
2023-06-09,704.2527514590807,722.7952403591689,700.9965315886986,720.8053588867188,4578000
2023-06-12,721.9811497041956,732.0212060969096,720.5338980609991,722.6143188476562,4554600
2023-06-13,724.9660453464675,738.9859751067547,721.9811681163237,728.1318359375,4658600
2023-06-14,737.1769000764018,748.754636668103,736.3628176131482,741.88037109375,4066600
2023-06-15,750.6542034168463,770.1012029332722,747.3074994354087,764.6741333007812,7192600
2023-06-16,760.5133345306194,778.9653930664062,752.2823011368456,778.9653930664062,9391900
2023-06-19,785.9301663450848,786.9251070412994,775.7996251900481,780.8648681640625,4653700
2023-06-20,780.7743993403102,783.3070206983958,775.1664165571885,780.3221435546875,4558200
2023-06-21,775.7091103985837,789.6386108398438,772.4528907872011,789.6386108398438,3959900
2023-06-22,790.452705872869,801.0354473810752,787.0155176422652,791.89990234375,4280900
2023-06-23,791.4476881153931,794.0707939645223,760.9656346860041,767.206787109375,4851600
2023-06-26,767.9303403868026,770.6438751584875,751.5587026804401,757.980712890625,3783600
2023-06-27,754.1817515503992,755.1767474220854,738.5337121086652,746.67431640625,4310400
2023-06-28,749.9305543999026,758.3425565455944,746.7647637622358,756.6239624023438,3169100
2023-06-29,756.1716124806586,764.9453850544301,746.4933284087047,749.6591186523438,3560400
2023-06-30,739.9809516459067,744.593994140625,735.4583934395217,744.593994140625,4621500
2023-07-03,748.031088193878,751.1064496960992,744.05121509771,747.4884033203125,3871900
2023-07-04,747.5789009717564,749.5688377023757,743.9608542640891,745.49853515625,2754100
2023-07-05,739.4381945201163,746.493373591568,732.8352712251295,745.769775390625,2733000
2023-07-06,741.7899390535262,747.3979219996285,738.8050618230706,744.6843872070312,2576300
2023-07-07,739.9809703627208,745.5889537218864,734.6443846684105,737.9910888671875,2679000
2023-07-10,739.9809444328857,746.0411834117709,737.2674095355052,742.1517944335938,2656900
2023-07-11,745.9506609021466,748.7546245287776,737.267317193899,738.6240844726562,2265700
2023-07-12,742.6039890982415,742.7849024512376,721.167054132811,724.6041870117188,3430000
2023-07-13,723.7901728529372,727.7699906559657,717.006336045156,722.6143188476562,2719400
2023-07-14,722.3429801751902,731.569010028302,713.8406038062516,719.9912719726562,2925400
2023-07-18,719.8103330875008,719.8103330875008,707.5089971907198,707.5994262695312,3760500
2023-07-19,714.835510894583,727.4986733735198,712.7551452430162,727.1369018554688,4329600
2023-07-20,726.4132091182684,736.8150920205375,725.5991818414237,734.282470703125,3482700
2023-07-21,731.7499000325324,731.7499000325324,718.4535681870786,730.2122192382812,2747300
2023-07-24,738.0814211488112,750.654153714417,737.7195944477995,742.5135498046875,4142400
2023-07-25,742.6943391864079,749.7495727539062,739.890375737683,749.7495727539062,2773300
2023-07-26,746.2220438963011,752.5536248748152,737.3578415677824,752.4631958007812,3153700
2023-07-27,756.1716788469125,766.211735275116,754.000828977947,762.5936889648438,3212200
2023-07-28,742.2422599951425,762.503343640884,730.8454349487952,745.49853515625,6294900
2023-07-31,753.367678784585,765.7594426353286,751.6490847871082,763.6790771484375,3139300
2023-08-01,767.0259271651942,772.7243398751367,762.8651953978109,769.19677734375,2896400
2023-08-02,763.1363313468803,763.1363313468803,747.4882940994513,749.7495727539062,2205700
2023-08-03,747.5787464392128,749.6591118246853,739.9808278408781,741.9707641601562,2777400
2023-08-04,734.0112068227425,738.4433360077418,729.1268218109886,736.3629150390625,2306400
2023-08-07,739.8905257581606,757.9807586617832,736.5438216295886,754.0913696289062,3443700
2023-08-08,773.3573755724676,792.3521181303879,771.1865257687609,773.8096313476562,5267300
2023-08-09,774.3523421415142,782.4929463676781,765.1263681841331,781.7693481445312,2932500
2023-08-10,782.4025256948449,809.6283024830423,782.4025256948449,808.6333618164062,4787800
2023-08-14,810.442398356734,817.4071487590136,791.538083722976,793.3471069335938,2924600
2023-08-15,793.437605247574,796.8747383671202,788.9150471410636,790.3622436523438,2204100
2023-08-16,784.5733863629272,785.2065003192909,775.2568726883462,778.6035766601562,2160500
2023-08-17,782.5835479693599,788.4628741251986,776.9755642870032,785.3875122070312,2615500
2023-08-18,778.0608741607712,784.8447110282384,775.0759969804868,780.955322265625,2442000
2023-08-21,786.6537556600207,791.3572270578862,781.5884575365474,788.1009521484375,2017200
2023-08-22,788.1914947446219,795.0657613836786,781.6789996509301,794.3421630859375,2303700
2023-08-23,792.1713041907783,806.5530617293849,791.2667925268913,805.015380859375,2557500
2023-08-24,799.4073946765653,805.4676338445915,794.5230648330447,803.3872680664062,2454200
2023-08-25,799.2264176245318,803.0253773381498,796.1511113474171,801.7590942382812,2998500
2023-08-28,805.0153278918887,811.0755666825885,803.4776471230532,810.8946533203125,2244800
2023-08-29,814.0604855751583,819.9398113043122,802.75408994217,818.4926147460938,3291200
2023-08-30,814.0604659824153,821.025216566111,808.6333962091992,813.7891235351562,3127500
2023-08-31,818.4925618361141,824.9145720577083,816.5026252919421,819.9397583007812,3060300
2023-09-01,824.9145787328727,838.3918236480436,820.9347056123236,835.4973754882812,2675000
2023-09-04,842.1002932991543,849.5172994050595,837.6681644095141,848.793701171875,2929100
2023-09-05,853.4066853743849,854.8538818359375,844.8138252672767,854.8538818359375,3327700
2023-09-06,856.5725160081289,868.3311672310494,855.3061776397801,867.697998046875,2759800
2023-09-07,865.3462882572575,877.8285377213213,864.2608632588588,872.9441528320312,3212500
2023-09-08,865.6175904752971,875.4767888759477,862.3613708384432,864.5321655273438,3984900
2023-09-11,867.5169839120006,869.5974045907794,831.6079204371129,839.9293823242188,5249300
2023-09-12,850.24086059312,860.5523143894977,846.1705586009189,858.5623779296875,2982600
2023-09-13,851.326416015625,857.2057420168281,847.3465424858516,851.326416015625,2525400
2023-09-14,857.115190705515,868.1502435324986,857.115190705515,868.059814453125,3028900
2023-09-15,880.0897878514882,890.0394154633756,874.7531473223095,884.3410034179688,5993700
2023-09-19,879.185266776276,888.1399536132812,870.049721786609,888.1399536132812,3668100
2023-09-20,898.1800740076399,899.6272705737906,876.5622233560719,878.4617309570312,3940800
2023-09-21,883.1652101491903,891.8485000342654,871.9492434412088,876.4718017578125,3389400
2023-09-22,855.8488149338389,881.627393364334,849.0649785047613,869.7782592773438,3678300
2023-09-25,874.8436521602383,879.7279817966224,868.1502440721835,875.9290771484375,1919100
2023-09-26,871.9492328801535,873.215571276269,862.9945454389331,868.96435546875,2079200
2023-09-27,861.9995739866205,873.5773116829196,855.8489060111186,873.3059692382812,4301800
2023-09-28,867.5236366608265,870.7360072586887,851.8288781282638,861.282470703125,3420900
2023-09-29,848.0659692409379,859.7222984202969,836.2260647951114,843.4768676757812,5201100
2023-10-02,847.6070006586581,859.446904288357,841.3658341641116,841.91650390625,2643100
2023-10-03,844.3946662234287,844.4864258446441,826.1300200571783,830.4437866210938,2513400
2023-10-04,807.6818236468401,816.0339655518306,781.8910969131109,785.5623779296875,4380400
2023-10-05,786.0212848469962,816.3093531100697,782.0746129548507,814.3818969726562,3293900
2023-10-06,813.7393212257325,827.3231042385246,810.2516158654059,820.439453125,2627000
2023-10-10,830.7191447599124,852.1961625402155,830.7191447599124,847.3317260742188,3481300
2023-10-11,861.098963182179,866.1469745186538,848.1576641443621,850.1768798828125,3767500
2023-10-12,857.5194187007396,872.4798770542433,852.379647886298,870.0935668945312,3548600
2023-10-13,859.0797340797493,864.8619903168104,843.1096396923413,849.7179565429688,2890400
2023-10-16,836.5931033277404,837.327348276006,814.1982682802,820.53125,3381700
2023-10-17,831.820452918402,838.8876798055252,830.0766281146316,834.5739135742188,2809300
2023-10-18,835.1246424943225,839.8972628337895,823.4683144698229,827.8738403320312,1776700
2023-10-19,816.6764153754169,825.4875230431456,812.1791299375045,816.5846557617188,2377400
2023-10-20,812.3626814614319,819.0628141067741,801.5324137073712,811.81201171875,2342000
2023-10-23,810.8942343484118,814.7490908089377,807.8654385648935,809.05859375,2264300
2023-10-24,807.6817996968209,810.985930106042,782.8088939547869,808.0489501953125,2699700
2023-10-25,814.7490344549407,820.439531120282,807.8653826870201,811.3530883789062,2459800
2023-10-26,806.1215582241249,808.4161089739483,780.6979247122196,789.509033203125,3646800
2023-10-27,789.7842927192673,806.2132969278879,786.2047714834181,804.7447509765625,3106300
2023-10-30,792.9966486691201,796.4843542070921,783.3595366193218,789.8760375976562,2106100
2023-10-31,793.4555633881752,806.7639562963632,784.8280310951473,800.1556396484375,3126100
2023-11-01,812.7299261282325,816.7683581067795,801.2571716656656,807.0394287109375,2898200
2023-11-02,819.0628624317782,832.9219266268833,815.2080059476604,825.762939453125,4341200
2023-11-06,848.0658833931587,850.452193557757,835.7670700357975,848.9837036132812,4443800
2023-11-07,847.1480883649516,851.5536143486879,833.9314543944406,838.0616455078125,4441600
2023-11-08,868.1661786147856,871.4703090375392,802.2666412360004,803.6433715820312,6557100
2023-11-09,807.6818007685988,828.0574210373032,805.7544006972124,825.0286254882812,4591400
2023-11-10,812.9134194470088,844.3028836958233,812.3626936767434,839.8055419921875,3681500
2023-11-13,850.3604592309075,852.1960997257395,835.3081847655645,838.0616455078125,2522900
2023-11-14,841.5494404193846,851.0029781363658,839.7137998522307,847.6987915039062,2382600
2023-11-15,861.4660363671351,883.4019620400577,861.1907015049047,879.0881958007812,5321700
2023-11-16,870.0935742390345,896.7103607927602,867.7072640591795,876.2429809570312,3086300
2023-11-17,878.3539854113982,884.1362418230985,875.9676751523798,878.17041015625,2158900
2023-11-20,882.943145035578,894.3241393751522,879.7307739257812,879.7307739257812,2734600
2023-11-21,883.8609559195465,883.8609559195465,866.4223700810509,872.57177734375,2876600
2023-11-22,870.827779660582,887.3485429779935,868.0743191076801,877.4360961914062,2882200
2023-11-24,890.2856196524485,891.2034398788943,872.2963656218307,873.397705078125,2834200
2023-11-27,881.9334270434211,883.7690673902537,863.7605427943406,867.7072143554688,2201400
2023-11-28,867.5237143679915,868.2579593665552,849.0754936705032,860.18115234375,3516400
2023-11-29,855.2249087217616,864.2195360833347,846.5974318726214,858.3455200195312,2510300
2023-11-30,858.1619202595049,859.9058011148117,835.399989621188,838.8876953125,7150900
2023-12-01,849.6261512118256,866.1469144398081,849.6261512118256,862.0167236328125,4104800
2023-12-04,862.2003819735382,880.0060615571625,862.2003819735382,875.0498657226562,3635700
2023-12-05,874.1319720526442,884.227994150601,860.3646691917938,863.7605590820312,2867300
2023-12-06,867.9826186888208,889.1842439842856,862.7510320776809,887.9910888671875,3523000
2023-12-07,879.2717987098792,882.6677448356882,866.0551647140348,869.4511108398438,2864000
2023-12-08,858.1618742890411,859.0796944754464,830.6272686968794,835.2163696289062,4888400
2023-12-11,836.317875584743,847.148144011802,830.9945290039146,841.1823120117188,2472200
2023-12-12,853.5728257629198,865.5962485353003,851.7371852774081,852.7467651367188,2850800
2023-12-13,854.6742106127962,856.9687611911062,846.3220128961667,851.0029296875,1840400
2023-12-14,857.2440950149518,858.2536748604609,826.405357687659,834.0232543945312,2713100
2023-12-15,834.2986377714053,849.5344320710601,828.8834756905798,847.6987915039062,4204800
2023-12-18,829.0669821616897,829.8930427560906,813.6476138808366,827.4149169921875,2687700
2023-12-19,826.9560062730353,839.8054891673999,814.1065233786707,835.3999633789062,2771400
2023-12-20,835.4917628837381,843.4768102674977,831.6369066275126,834.2068481445312,2433800
2023-12-21,827.2313528602766,827.8738382179644,819.5216966259246,821.4490966796875,1607000
2023-12-22,824.569713564071,827.8738439704233,816.0339406456093,818.3284912109375,2355700
2023-12-25,822.1833392164942,825.7628604706526,816.2175078057638,820.1641235351562,1387200
2023-12-26,816.8599615809704,823.192943241396,813.8311661857095,816.9517211914062,1826400
2023-12-27,822.3670088080104,827.4150205808273,816.9518464985384,827.2314453125,2212100
2023-12-28,823.9272730859872,824.4779428439438,817.0436210150103,821.9998168945312,1200800
2023-12-29,822.5504440496834,831.1779199993088,822.0915339666407,827.3231201171875,1540600
2024-01-04,828.7916590820828,843.8439331054688,818.6956366569411,843.8439331054688,2564800
2024-01-05,852.838562835038,885.3293651336423,852.6549875864876,874.9580078125,4109200
2024-01-09,894.3241021092991,894.6911966092526,874.0402403353554,876.793701171875,2601000
2024-01-10,875.6005044737391,897.3528552541483,875.1415943560903,893.9569091796875,2851300
2024-01-11,899.4638002895127,908.5502427205654,898.5459800851356,907.7241821289062,3301900
2024-01-12,919.6559614590508,922.4094224215032,905.337986862022,915.9846801757812,3408300
2024-01-15,917.8202000968396,933.8820535985344,917.7284404845497,932.9642333984376,669100
2024-01-16,936.176666715252,942.142498414908,921.0326324007405,922.4093627929688,2624900
2024-01-17,927.916284361882,946.2726895915928,921.0326324007405,922.4093627929688,2827300
2024-01-18,922.4093792559978,935.2588631461311,913.8736618756986,918.7380981445312,2005300
2024-01-19,922.4092833010736,922.8681933922682,914.5160521402464,919.6558227539062,1656500
2024-01-22,934.341046381758,953.1563621487776,933.42322610044,948.5672607421876,2660000
2024-01-23,945.3548596568944,950.8617811694588,928.834095119201,934.7999267578124,2075300
2024-01-24,923.3271788222332,932.9642915236584,914.6996459960938,914.6996459960938,2982600
2024-01-25,915.0667061784148,921.491447345164,904.970684344952,912.7721557617188,2571400
2024-01-26,916.2599263652536,917.36132184747,896.3432161277865,900.656982421875,2930500
2024-01-29,900.1062931468102,915.8928119976762,899.9227179005431,911.3037109375,1926800
2024-01-30,917.8202154411576,923.3271367338044,903.3186672410474,904.3282470703124,2802900
2024-01-31,898.5460006244829,911.7626342773438,896.3432096759058,911.7626342773438,2701200
2024-02-01,913.2311826447848,916.2599783783388,892.3048913719612,896.0679321289062,3454500
2024-02-02,904.1447348666574,911.4872971021614,898.6378131900293,908.1831665039062,2373000
2024-02-05,908.1831137467368,940.306821660972,899.555581213479,933.882080078125,3382200
2024-02-06,925.621692669089,928.8340634418624,904.0529174804688,904.0529174804688,3309000
2024-02-07,898.5460763289101,917.544967798357,897.9035909131693,913.231201171875,2402100
2024-02-08,913.2311730351008,914.0572336897887,897.3528934917182,905.8886108398438,2862300
2024-02-09,922.8683106734294,931.1286933646884,887.5322291608217,888.5418090820312,5605500
2024-02-13,899.4637870895712,913.9653349020537,881.1073832714167,909.8351440429688,4349100
2024-02-14,903.5940679001358,907.8160187908808,867.4319263707631,872.6635131835938,4090800
2024-02-15,889.00067478863,891.0198905494098,871.3785707436859,882.3005981445312,2078200
2024-02-16,891.2035017230442,921.4915712975658,890.1939218116154,907.6325073242188,3352200
2024-02-19,909.5598389671128,918.279131066192,898.0870862051663,901.4830322265624,2789000
2024-02-20,903.594072017488,907.1735935423944,892.5802285799972,897.3529052734375,2046100
2024-02-21,890.469189575094,902.217277199467,888.8171243812338,901.4830322265624,2065100
2024-02-22,908.0913131929956,927.9162067757372,897.9952911608165,926.08056640625,3947600
2024-02-26,934.3409867583526,936.1766272038504,911.8543913010052,913.0475463867188,2594100
2024-02-27,910.0187064784648,917.8201779913916,889.5513277131162,896.2514038085938,2678100
2024-02-28,890.2855908502067,902.9514983615354,888.9088605550776,901.5747680664062,2301300
2024-02-29,904.328223376874,908.3666546267284,893.9568664179792,901.85009765625,1783600
2024-03-01,907.632454932178,929.2929901213604,902.7679628598052,927.916259765625,2598800
2024-03-04,936.176695150543,938.0123357292696,919.655929942004,929.751953125,2154200
2024-03-05,920.5736826624392,926.9984242164144,915.6174310559384,921.0325927734376,2107900
2024-03-06,928.83411001462,958.663268686038,925.6217390807748,941.68359375,4505200
2024-03-07,945.354817305461,964.6290417359606,920.114761503616,926.9984130859376,3680800
2024-03-08,930.6696858161052,939.8478878458498,913.7817716736552,928.8340454101562,3160500
2024-03-11,917.1777166595384,921.4914828128208,894.4157868536792,903.8693237304688,3254600
2024-03-12,901.2994450486432,922.409309851208,894.7829439738321,920.5736694335938,3292400
2024-03-13,926.0806356238752,937.5533887906724,917.820253343781,924.2449951171876,2344400
2024-03-14,936.176686944394,950.4029013048236,926.9984841312136,948.5672607421876,3359200
2024-03-15,954.5330049028166,990.3279925866724,954.5330049028166,985.7388916015624,5218500
2024-03-18,992.1636857486332,1015.1091918945312,990.7869553798791,1015.1091918945312,4580200
2024-03-19,1019.6981734610276,1086.240133475361,1013.2734324941264,1074.3084716796875,6666400
2024-03-21,1090.829314078158,1092.206044386208,1065.130348327894,1087.616943359375,5160300
2024-03-22,1106.432374887131,1119.281859124725,1083.0279571686558,1095.87744140625,4456900
2024-03-25,1077.0620859591274,1087.617019055446,1070.6373440744117,1077.52099609375,3990800
2024-03-26,1077.5210564891247,1099.0898340253211,1077.5210564891247,1094.500732421875,2678500
2024-03-27,1108.7268001818784,1135.343585947834,1106.891159784226,1127.5421142578125,4376800
2024-03-28,1130.3341232393802,1147.5520575991402,1125.680627466472,1133.126220703125,4036700
2024-03-29,1151.27503821672,1178.7306676648957,1146.62154170008,1160.58203125,2976300
2024-04-01,1168.9582492236025,1171.7503469526398,1113.5816442643634,1123.8193359375,4083100
2024-04-02,1130.7997223268071,1135.9185688064758,1103.8094408885545,1120.0966796875,3219400
2024-04-03,1111.720232428418,1121.4925743626989,1100.0864920304648,1111.2548828125,3893300
2024-04-04,1122.4232212553088,1125.6806684148391,1107.5320342403131,1109.3934326171875,3382700
2024-04-05,1081.4725808109613,1098.225168121286,1072.165587860781,1096.36376953125,3710500
2024-04-08,1098.225146936107,1114.0470346462034,1091.7102519966556,1106.6014404296875,2488400
2024-04-09,1119.631070581699,1127.5420133081698,1107.9973312780653,1110.7894287109375,2658200
2024-04-10,1116.3736979685011,1117.7697467779658,1089.3834209855197,1095.8983154296875,4029000
2024-04-11,1073.5616266831466,1083.7993188318371,1066.581382036312,1077.284423828125,4149300
2024-04-12,1090.314106862138,1166.1660912490472,1084.264562095084,1144.760009765625,8246200
2024-04-15,1116.83917273773,1150.8096975751694,1103.3440327338158,1137.7799072265625,4822900
2024-04-16,1123.354071165214,1123.819420821869,1081.4726020662624,1086.1260986328125,3560700
2024-04-17,1091.7101935330802,1101.4825354189263,1064.254566329989,1072.630859375,3531400
2024-04-18,1061.4625034771225,1078.6804397457122,1051.6901612706254,1071.7001953125,2419600
2024-04-19,1060.997268839663,1069.3735630673443,1028.8881409668838,1046.1060791015625,3882200
2024-04-22,1070.7695183665896,1077.7497629452507,1044.7099386062555,1058.205078125,2980900
2024-04-23,1070.3041475409,1081.93788827504,1061.4625045829532,1068.4427490234375,1888000
2024-04-24,1070.3041113069414,1079.145753965564,1065.6506151708245,1072.630859375,2310600
2024-04-25,1074.0270598605011,1079.6112560122888,1044.7100300636157,1046.1060791015625,2610600
2024-04-26,1045.6405484141474,1072.6308251422386,1040.056353229025,1070.3040771484375,2759800
2024-04-30,1089.383531089694,1092.6409786410088,1074.026992633496,1080.0765380859375,2275100
2024-05-01,1053.086244771295,1074.957678047588,1053.086244771295,1070.76953125,1720400
2024-05-02,1069.373531050392,1092.6410143195478,1064.720034396561,1079.1458740234375,2181600
2024-05-07,1076.818986353381,1086.5913280618602,1072.6308399068898,1079.611083984375,2204700
2024-05-08,1079.1458617205396,1082.4033093410844,1063.3239732778925,1066.5814208984375,2020800
2024-05-09,1060.0664708536908,1080.5418548385733,1057.2743730375705,1074.4923095703125,1782300
2024-05-10,1078.6804342278056,1102.8786148058236,1078.6804342278056,1087.9874267578125,2518400
2024-05-13,1098.2250540026712,1100.5518019984395,1062.858484466992,1067.046630859375,3988600
2024-05-14,1067.0467012537886,1069.3734494030557,1052.1555130984805,1065.185302734375,2880300
2024-05-15,1056.3436142695678,1059.6010615382406,1040.9870771458252,1043.7791748046875,3056000
2024-05-16,1043.313830168351,1045.6405782284944,1014.9275038346,1027.491943359375,2786100
2024-05-17,1014.4621726296166,1035.4029055508702,1006.5512290815874,1023.7691650390624,2084700
2024-05-20,1026.5611557969105,1048.432585680163,1026.095806224926,1033.0760498046875,2271500
2024-05-21,1028.4226268863897,1031.6800741208713,1019.5809843927962,1021.4423828125,1420100
2024-05-22,1018.6502899735062,1020.0463387948496,1005.1551513671876,1005.1551513671876,1582800
2024-05-23,1003.293766222502,1003.293766222502,978.164887105612,990.2639770507812,2442100
2024-05-24,968.392578125,978.6302699648606,960.9469840596468,968.392578125,2586900
2024-05-27,973.5113876999852,974.4420869234076,959.5508993486468,972.5806884765624,2148300
2024-05-28,966.0657802180532,971.1846258743144,952.5706416697278,960.0162353515624,2710100
2024-05-29,955.3627495124326,961.4122944435878,945.1250580904778,954.8973999023438,3002100
2024-05-30,944.6596901902876,958.6201782226562,937.6794461741032,958.6201782226562,2928300
2024-05-31,976.3034488685004,1011.670018036282,972.115302519684,1010.7393188476562,6179300
2024-06-03,1028.422574661791,1037.2642167063948,1017.2541847107128,1019.5809326171876,2548900
2024-06-04,1026.0959553676369,1058.20508050159,1023.3038575299018,1051.690185546875,5604600
2024-06-05,1055.41278981994,1082.868413541005,1049.828595164808,1053.5513916015625,4111100
2024-06-06,1067.512110394512,1074.4923552314422,1047.5020751953125,1047.5020751953125,2847300
2024-06-07,1051.690200691542,1064.7199907886054,1049.3634524599236,1057.73974609375,2330900
2024-06-10,1057.7396591771071,1071.234797811571,1056.3436103528525,1056.8089599609375,3022300
2024-06-11,1051.224824067396,1051.224824067396,1034.0068875952873,1035.8682861328125,2259100
2024-06-12,1023.3038352425092,1040.5217715335384,1016.7889404296876,1016.7889404296876,2281800
2024-06-13,1016.788942678795,1020.511739722928,1004.2245026548466,1010.2740478515624,1534000
2024-06-14,999.1057051950093,1026.5613347276153,995.848257623344,1018.650390625,3700500
2024-06-17,996.7789642885682,1002.828509823466,968.8579848967316,978.1649780273438,3069000
2024-06-18,994.9175490168216,994.9175490168216,965.600521145886,975.3728637695312,2279400
2024-06-19,980.9570545835908,989.798697864942,973.0461105950136,988.4026489257812,1517200
2024-06-20,973.5113333623784,980.4915771484376,968.8578375050056,980.4915771484376,1577900
2024-06-21,979.0955569680168,981.8876545639332,959.550873796602,971.6499633789062,4212400
2024-06-24,985.610565594004,985.610565594004,950.709341599882,973.511474609375,3710800
2024-06-25,976.3035674473024,995.382903131449,971.1847212881412,986.541259765625,2272100
2024-06-26,992.5907838965664,1004.2245249173887,986.075888924906,996.7789306640624,2339100
2024-06-27,993.0560302734376,998.640225382754,986.5411359792348,993.0560302734376,2054400
2024-06-28,998.6402412204892,1004.6897860181904,992.5906964227884,999.1055908203124,2190700
2024-07-01,1014.4621156021597,1023.3037578941048,1000.0362781784592,1010.7393188476562,2150500
2024-07-02,1014.4621705535088,1030.7494072367074,1010.7393735973492,1030.2840576171875,2382700
2024-07-03,1030.7494650267156,1030.7494650267156,1010.7394302654748,1015.8582763671876,2334300
2024-07-04,1029.81874319011,1038.660386263139,1023.7691979296168,1029.3533935546875,1738900
2024-07-05,1029.3534531860912,1031.214851835614,1010.7394666908637,1011.670166015625,1577800
2024-07-08,1006.0857963088898,1019.115584605212,1000.5016013247516,1013.0660400390624,1593900
2024-07-09,1006.5512075116558,1016.3235493321572,996.3135160806542,1009.8086547851562,1976300
2024-07-10,1004.224427149164,1010.2739718910263,983.7490449459372,1000.9669799804688,2432900
2024-07-11,1009.8086817082852,1015.8582268060768,1004.6898358563078,1007.48193359375,2357800
2024-07-12,1001.4324026566076,1029.8187300553311,1000.501703397633,1016.7889404296876,4039800
2024-07-16,1016.3235381020052,1026.5612294198827,1006.085846784128,1018.1849365234376,1766100
2024-07-17,1022.838474721972,1056.3436476882969,1021.4424258483753,1049.3634033203125,2783700
2024-07-18,1033.541573119678,1054.9476570294055,1033.0762234694666,1034.9376220703125,2043500
2024-07-19,1031.680250905726,1033.0762999597257,1012.6009138343976,1020.0465087890624,1444600
2024-07-22,1025.1651806038085,1028.887977446673,1016.7888877073632,1018.1849365234376,1463300
2024-07-23,1027.0266843807103,1034.937628483326,1013.0661947878598,1018.650390625,1557300
2024-07-24,1011.6701951925633,1015.8583422747772,985.145263671875,985.145263671875,1976300
2024-07-25,967.9271665843512,972.5806625775452,948.3824834129364,971.6499633789062,3839800
2024-07-26,960.481609801068,975.8381471670732,941.8676251150008,964.2044067382812,4755200
2024-07-29,992.125448080481,1006.0859375,980.0263572502312,1006.0859375,2192400
2024-07-30,1007.4819500684628,1013.5314952651788,1001.4324048717468,1010.2740478515624,1759400
2024-07-31,990.2639853560216,1020.5117104726296,988.4025868873074,1019.1156616210938,2272900
2024-08-01,964.2044152153862,982.3530504438612,923.346695748106,938.1448364257812,4447400
2024-08-02,913.2951835202564,920.1823808496844,887.3287079355013,888.6316528320312,4153800
2024-08-05,832.78961133325,850.379848481999,765.8723746613065,769.1298217773438,5142600
2024-08-06,873.8335130947876,908.7347335538076,856.7086248674129,884.3504028320312,5721900
2024-08-07,858.1046678402549,913.015920988384,848.8907229796914,884.1642456054688,4396300
2024-08-08,870.2038313859579,901.5684086483238,862.8512843130598,876.9979248046875,2917100
2024-08-09,897.3802149141692,897.3802149141692,855.5917964862183,867.5978393554688,3706900
2024-08-13,872.2513745322705,901.4752977725356,870.8553256155432,897.56640625,3469300
2024-08-14,910.2238670383978,931.6299498010594,903.7089722845442,924.09130859375,3495600
2024-08-15,955.3628094819984,964.2044526286902,931.629977877721,933.9567260742188,3989700
2024-08-16,961.8776937733526,963.2737426757812,950.2439529197804,963.2737426757812,3510900
2024-08-19,963.2737843766332,964.2044836852097,939.5409520079336,946.0558471679688,1684100
2024-08-20,964.204408814307,965.600457668768,948.382521797084,957.6895141601562,1598500
2024-08-21,943.2637492422394,951.1746933651392,940.9370009707984,946.0558471679688,1186800
2024-08-22,941.8676373771068,952.5706787109376,940.0062388842666,952.5706787109376,1195000
2024-08-23,955.3627836220928,965.1351257828642,953.9667347419823,957.2241821289062,1064200
2024-08-26,951.174652188066,963.739092309924,948.8479040173517,963.2737426757812,1330400
2024-08-27,959.5509444610052,971.6500349343252,957.224196293059,966.5311889648438,1060400
2024-08-28,966.0658239320268,972.1153690722562,959.5509291656258,960.4816284179688,1406200
2024-08-29,955.8281648080932,966.531206575662,951.6400180294794,966.0658569335938,1256100
2024-08-30,961.4122721938796,976.3034593721004,957.6894753993244,971.6499633789062,1645400
2024-09-02,987.0065871690304,987.0065871690304,966.9965526342504,975.8381958007812,1082900
2024-09-03,973.0460121768645,977.6995081700584,968.8578657829898,971.6499633789062,1139200
2024-09-04,947.4518632242316,955.362807072371,935.3527726329594,940.4716186523438,2222200
2024-09-05,933.0259108813392,956.7587395371736,926.9763663220087,945.125,1690100
2024-09-06,948.8478683018448,952.5706652348584,936.7487782695506,940.0062255859376,1453000
2024-09-09,912.8298239126598,928.8378625644242,905.5703810372592,926.697265625,2115900
2024-09-10,928.8378531995922,936.7487968390676,925.2081033958008,928.5586547851562,1803800
2024-09-11,918.6932062336946,920.5546047322376,871.2275445208509,883.4197387695312,3134900
2024-09-12,902.0337261446848,907.4317704436854,891.2375807413099,900.0792236328125,2298000
2024-09-13,891.1445879606129,893.0990337864694,882.4890957519403,888.7247924804688,2249100
2024-09-17,888.8177550449371,891.3306542998558,871.2275170658779,889.00390625,2373900
2024-09-18,895.7049665887137,909.2931526991204,887.4217206741159,898.3109130859375,2708500
2024-09-19,919.9031367268336,926.8833809144452,911.5268437017,918.8793334960938,2307100
2024-09-20,930.6992011516744,932.5605995539776,910.5961211289468,912.45751953125,3237300
2024-09-24,940.0062255859376,948.382518685218,935.3527294196704,940.0062255859376,1991700
2024-09-25,941.8676604845226,941.8676604845226,931.6299685227344,935.818115234375,1826700
2024-09-26,948.847834794018,967.4618188017474,937.2140947891868,965.1350708007812,3038100
2024-09-27,982.166929161126,1002.0373583638076,973.1779254741984,1000.6180419921876,3189900
2024-09-30,940.2497635533198,952.834356714214,929.9360418544692,932.9639282226562,4153300
2024-10-01,943.939978819933,950.4688571866768,939.0197282995164,942.899169921875,3074300
2024-10-02,932.9639217170126,942.2367767313198,924.8265313018738,932.8693237304688,3768600
2024-10-03,966.0813447646294,971.7586102578592,946.6840209960938,946.6840209960938,3363300
2024-10-04,945.2646731190472,952.36125474907,940.3443649718056,949.9957275390624,2319300
2024-10-07,968.4468376846388,968.4468376846388,951.415041809384,956.6192016601562,1722400
2024-10-08,946.116244110986,951.4150017258638,941.3851899005144,944.3184204101562,2389000
2024-10-09,953.3075129453254,956.1461457382146,941.1013688350484,943.1830444335938,2014000
2024-10-10,948.1032810153904,951.4150190229292,942.7098675669732,945.2646484375,2061400
2024-10-11,944.3184801645044,945.8323945068016,930.6930200753068,931.73388671875,2350600
2024-10-15,943.372265723009,943.8453711722182,925.6781103721614,925.7727661132812,2498200
2024-10-16,917.8246029536848,940.8175170236448,914.9859701610446,931.3554077148438,2472800
2024-10-17,945.5485066532752,958.9847124981994,938.0734754646548,945.3592529296876,2008200
2024-10-18,945.2647430303778,949.9957978002996,934.4779150541028,934.5725708007812,1742100
2024-10-21,934.5724974140531,942.6152898913648,929.652189289272,932.2069702148438,1333400
2024-10-22,926.8135664643607,928.4221365272822,912.3365514023264,918.2976684570312,2334700
2024-10-23,919.338485802333,936.9380431641908,919.338485802333,925.7727661132812,1510100
2024-10-24,914.8912954242852,924.0694944822146,909.403226283835,922.271728515625,1937900
2024-10-25,918.7707768757076,921.7986632829844,912.3365543553252,912.43115234375,1544300
2024-10-28,912.1473146792976,928.1383021142576,910.2548928646102,919.243896484375,1620300
2024-10-29,913.0935198309784,923.596437735436,910.2548871268408,916.9729614257812,1810700
2024-10-30,914.1342767589904,926.340419793794,912.2418550638038,916.3106079101562,3587600
2024-10-31,919.7169887717882,923.9749377938798,910.727985280706,916.1213989257812,1729100
2024-11-01,901.9282804206528,914.0397689138046,898.0487809116645,907.7947998046876,1888100
2024-11-05,921.987862734454,923.3125232550656,897.0078735351562,897.0078735351562,2123900
2024-11-06,924.4480009666228,936.7487420234972,898.8057100181437,929.6521606445312,5935500
2024-11-07,928.2328956638842,946.0216490864256,925.2996649660024,932.4908447265624,2675400
2024-11-08,939.3981731770082,944.3184814242338,917.8245761337744,921.420166015625,2485700
2024-11-11,916.8783426790906,925.4888385858548,905.6184101067412,910.0656127929688,2401900
2024-11-12,914.1343424029736,918.0138418079688,905.0507407146356,911.9580688476562,1935100
2024-11-13,907.4162443202512,915.5536348806654,901.2658735297592,907.9839477539062,3035700
2024-11-14,911.57954864657,920.6631496325358,907.510795822649,914.796630859375,2006500
2024-11-15,919.6223134197976,919.6223134197976,902.6851167448052,905.6183471679688,2145600
2024-11-18,902.2120693689328,905.6184054182944,895.3047415314263,900.4142456054688,2405400
2024-11-19,905.523802604154,915.742868449888,904.0098883129816,912.9042358398438,1534200
2024-11-20,911.7688370826378,925.2050439574784,911.011879882393,911.4849853515624,2043900
2024-11-21,912.1473151367,916.8783696757906,905.0507333280638,908.1732177734376,2758600
2024-11-22,906.4700231932322,915.6482802812096,900.7927579122726,912.9989013671876,2084200
2024-11-25,922.5555763517943,928.989798564643,913.6611712840648,924.447998046875,3558500
2024-11-26,929.1790251910749,939.8711959060868,927.0973498367592,936.6541137695312,3150500
2024-11-27,922.4610547049858,927.2867073259314,915.742922480223,923.88037109375,2730900
2024-11-28,916.6891142141752,933.3424608116312,915.9321570397752,929.5576171875,2031400
2024-11-29,925.8673228536628,932.3015451258278,923.217944006551,928.9898071289062,2962000
2024-12-02,927.2866955187212,946.6840192515108,924.9211682342348,942.23681640625,2420500
2024-12-03,941.4798561446444,950.4688597962768,935.1402314925408,948.1033325195312,2422200
2024-12-04,947.1570990668404,949.5226262872868,935.1402092365454,936.748779296875,1440500
2024-12-05,936.7487564942744,940.3443462314026,929.557577020018,936.4649047851562,2172100
2024-12-06,928.8005660194524,935.9918032759804,919.3384573283328,923.2179565429688,2046700
2024-12-09,926.3404889021234,928.6114182066176,913.1881340385136,917.1622314453124,2199000
2024-12-10,929.1790686142624,929.1790686142624,913.4719913699032,913.5665893554688,1989400
2024-12-11,918.29771484375,921.0417496633528,904.672254242897,910.72802734375,2748500
2024-12-12,909.9710284146342,914.0397237088752,899.1842011209447,905.0507202148438,3121000
2024-12-13,890.8574931096904,900.1303476585482,879.0298577789722,880.638427734375,4194000
2024-12-16,876.1913264817175,878.5568538210309,866.8238151171831,870.7979125976562,3928800
2024-12-17,867.6753350291992,877.1374433719386,864.6474488090975,865.2152099609375,4627400
2024-12-18,866.3506508955587,870.4194038449509,859.5379788220603,864.1743774414062,3090700
2024-12-19,851.1166837817359,858.2132653585709,845.628672246076,851.6843872070312,3056500
2024-12-20,865.8775954579538,888.0189542317123,861.0519428352245,886.2211303710938,5655000
2024-12-23,889.3436581496666,894.1693106938286,878.8406823886511,893.412353515625,2858000
2024-12-24,889.438273972235,898.1434260764322,889.343675980112,895.1155395507812,1237700
2024-12-25,894.1693001942883,895.4940185546875,881.1116013291787,895.4940185546875,1452100
2024-12-26,895.1154860968339,898.9003295898438,891.330642603824,898.9003295898438,1624000
2024-12-27,898.9003002578715,917.3514116842174,898.048687398882,914.796630859375,2023300
2024-12-30,918.2030254301028,920.4738968027242,912.0526549487134,915.5535888671876,1915900
2025-01-06,925.3942407964312,931.3553577910131,905.5238123130724,912.9989013671876,2341200
2025-01-07,910.2549446369668,913.282831263109,897.3864986660294,911.0119018554688,1976100
2025-01-08,908.3624967100186,913.1881493729378,901.8336181640624,901.8336181640624,2288000
2025-01-09,894.1692363142402,900.9819658556312,887.8296121888886,898.4271850585938,2040800
2025-01-10,892.5607349323174,902.7798011535584,890.3844614017403,894.07470703125,2053100
2025-01-14,889.4382355374565,896.4402192159437,880.8277395495946,886.5050048828125,2336700
2025-01-15,895.1154419597113,897.1024615947125,882.9092991957741,888.7758178710938,2053000
2025-01-16,889.5327989668223,898.616457798345,888.5865881147132,892.7499389648438,1727500
2025-01-17,890.1951895798933,893.3176739517995,876.66438546688,889.438232421875,2099300
2025-01-20,894.1692687514272,900.6034910925463,890.1005735763173,898.8057250976562,1778400
2025-01-21,898.8057259620435,901.8335545357444,894.1692696113556,899.5626831054688,1489200
2025-01-22,908.3624495544714,917.5407066889372,905.8076686146736,908.6463012695312,2805000
2025-01-23,901.7389956194104,925.4888663171388,901.2658901652554,922.9341430664062,2499400
2025-01-24,927.2866255291729,942.8991044283885,914.796630859375,914.796630859375,3461300
2025-01-27,923.4072705467304,932.6801261189288,913.6612517569596,931.3554077148438,3938200
2025-01-28,927.286697227558,949.995759200478,926.7189937790876,946.6840209960938,3796300
2025-01-29,949.5226540146552,967.9737668729372,944.6023457020206,958.5116577148438,3103200
2025-01-30,947.6302344623664,955.673027266091,940.6282505676832,951.88818359375,2068400
2025-01-31,955.1998970877756,955.1998970877756,933.0585390767168,947.1571044921876,2458600
2025-02-03,927.6651739575796,944.696969872942,924.9211392925864,938.925048828125,2516200
2025-02-04,953.3075129453254,955.1999348072516,935.42410324927,943.1830444335938,2256300
2025-02-05,946.2108352374098,949.049467743122,938.6411485555104,941.29052734375,2457100
2025-02-06,946.2109617925994,956.619282372318,944.8862433452364,950.9420166015624,1855500
2025-02-07,947.63021124051,950.9419493726537,933.247794087632,939.7766723632812,2136700
2025-02-10,946.2108671300772,958.9847138363332,933.9101258573862,940.912109375,3098500
2025-02-12,958.5116293184392,962.7695783134373,936.7487788995604,944.8861694335938,2511600
2025-02-13,958.0385058332856,959.457822138224,938.168077564151,946.1162719726562,2052900
2025-02-14,948.1032982177734,952.3612471618652,942.2367792332656,946.2108764648438,1677500
2025-02-17,947.1570873413084,950.941930847168,943.1829901097304,946.2108764648438,975300
2025-02-18,946.210858424426,948.576385570487,940.1550858296588,944.5076904296876,1081700
2025-02-19,943.3722356221172,944.318446490344,920.3793230746317,922.4609985351562,1997800
2025-02-20,916.5944691423732,916.8783208491764,902.1174545741274,913.4719848632812,2302900
2025-02-21,918.8653575143828,925.8673410894932,913.6611977024338,922.5556030273438,1738700
2025-02-25,915.932171121954,921.0417331939416,909.3086946778903,910.5387573242188,2141600
2025-02-26,916.8784064803164,927.0974731445312,912.147351751316,927.0974731445312,2181900
2025-02-27,927.286689572218,936.6542006595652,923.501845941311,931.071533203125,2163800
2025-02-28,927.0973971381906,929.0844746127436,914.7020578652708,922.4609985351562,2585600
2025-03-03,930.1252945330124,933.531630598304,924.5426272432038,929.273681640625,2715000
2025-03-04,934.8563562843182,945.7377814839838,931.544618180072,944.1292114257812,3194300
2025-03-05,945.7377710266112,950.4688254089356,938.3573377406112,946.2108764648438,2311500
2025-03-06,946.21087168076,949.9957151674832,943.4668370520344,947.6301879882812,1533100
2025-03-07,928.2328556279316,933.2477616461382,917.3514307148622,928.3274536132812,2358400
2025-03-10,935.6133357830684,944.50774143341,930.6930275031376,935.5187377929688,1622300
2025-03-11,922.555581191148,924.4480028961556,903.3475124357476,914.8912963867188,2914900
2025-03-12,911.3903479408826,925.6781093910024,909.7817778648504,922.08251953125,2219700
2025-03-13,935.9918576757556,938.641236712825,918.2977018445532,919.4331665039062,2318900
2025-03-14,911.8634677636792,925.2996742692036,909.5925384732328,917.8245849609376,2775100
2025-03-17,930.3145433241036,955.6729832093316,928.4221215751744,952.8343505859376,2466500
2025-03-18,965.1350927423064,971.7585688689692,960.4040383661186,964.6619873046876,2253200
2025-03-19,966.0812845439344,979.328236535722,965.6081791156562,970.3392333984376,2288800
2025-03-21,956.6191948651684,976.0165178075382,956.1460894275496,964.6619873046876,3146500
2025-03-24,965.1350607014388,986.8979101094124,956.146057685102,986.4248046875,2680400
2025-03-25,993.5214722831294,1010.0801634878482,992.1021558941536,1002.9835815429688,3266400
2025-03-26,1002.5104294654489,1008.187694757372,990.2096879996152,998.7255859375,3086900
2025-03-27,1005.8222094485068,1007.7146312913072,997.7794166166042,1004.4028930664062,3155600
2025-03-28,1002.4749836207948,1011.6322070288692,983.196618551164,988.4981689453124,2666900
2025-03-31,968.737866259089,971.629621083743,950.6162144578376,962.2796020507812,3294500
2025-04-01,976.9311355456996,982.232685861932,961.7012391311036,961.797607421875,2513300
2025-04-02,960.3517735225936,961.0265280872294,943.0012444297448,952.4476318359376,2372500
2025-04-03,915.7224034495188,952.3512995874996,911.8667301718368,948.7847900390624,3028100
2025-04-04,927.2893904336132,978.3770595531367,927.2893904336132,959.0986938476562,4496900
2025-04-07,896.4440188363233,926.9038135776002,878.1295711396673,898.7574462890625,3845500
2025-04-08,917.4573822776144,945.0254796383596,914.7584229333272,932.9765014648438,3103100
2025-04-09,910.806415051805,930.0847808369386,897.1187635777793,904.4445190429688,2804700
2025-04-10,945.1218870547478,968.7378852524444,930.9522763695492,965.8461303710938,3953200
2025-04-11,928.0605127691948,956.978061311024,924.3976350538104,956.592529296875,2940500
2025-04-14,956.785265887498,961.9904481581884,951.001756179132,956.592529296875,2201100
2025-04-15,963.8219251112126,965.3641708475028,940.1094997936484,942.61572265625,1667600
2025-04-16,942.6157387828986,946.0858211653712,935.7718834828764,943.676025390625,1828800
2025-04-17,943.7723533079904,962.1832275390624,942.1337393175968,962.1832275390624,1378100
2025-04-18,963.9182838645728,967.2919978580989,958.9058970218964,964.8822021484376,1436000
2025-04-21,962.9543664429162,963.7254893041176,952.5440607344384,956.592529296875,1291700
2025-04-22,956.9780185775104,974.5213423427434,955.435772923976,972.593505859375,1635700
2025-04-23,985.1244818899886,985.1244818899886,970.6657076939516,982.2327270507812,2185700
2025-04-24,977.895108515424,978.8590268086872,963.3399658203124,963.3399658203124,2010900
2025-04-25,963.3399515915536,976.4492166531436,954.8574236698043,959.0023193359376,3131500
2025-04-28,960.1589439691422,962.6651667154302,949.459474942042,960.25537109375,2524100
2025-04-30,961.0265194900264,961.8940694700692,948.4955819239578,959.7734375,2188800
2025-05-01,961.9903908972124,972.5934913980836,951.0981266947158,968.255859375,1722000
2025-05-02,968.737872501234,979.3409735932872,964.882199376851,976.44921875,2044700
2025-05-07,978.3770384127342,994.763648908317,976.9311610160652,983.6785888671876,3014300
2025-05-08,992.8358210728406,994.28169848217,982.232720071092,990.426025390625,1673700
2025-05-09,1003.438920728354,1005.36675727154,989.9440649260516,996.2095336914062,2211200
2025-05-12,1082.962086743231,1089.227554979841,1037.657931801592,1049.7069091796875,5184100
2025-05-13,1042.9595573954914,1046.8152304357704,1021.7533556739564,1027.536865234375,3070100
2025-05-14,1018.8616474167784,1029.946707913744,1002.9569953993924,1023.1992797851562,2517100
2025-05-15,1012.5961228115588,1016.4517958160768,989.9440439100152,1000.065185546875,3369800
2025-05-16,1003.4389449882324,1008.2585364627196,982.2327425004888,1001.5111083984376,3110000
2025-05-19,992.8357604691204,1022.2352659975749,992.8357604691204,1016.9337158203124,2700700
2025-05-20,1021.7533607995442,1022.7172790644494,997.6554041769134,1004.40283203125,2840000
2025-05-21,1012.114178150492,1026.5729521240703,1002.9569546338922,1004.40283203125,2316200
2025-05-22,997.6554041769134,1008.2585050908708,996.691485912008,1004.40283203125,2188400
2025-05-23,1003.9209068782226,1010.6683349609376,999.1013153905692,1010.6683349609376,1631600
2025-05-26,1017.415788781552,1019.3436254253824,1006.3307280795264,1010.1864013671876,1329500
2025-05-27,1010.1863602120536,1015.005951625279,1001.0291365269252,1012.1141967773438,1359600
2025-05-28,1022.7172821378684,1023.6812004056704,1009.2224263886412,1013.56005859375,1632200
2025-05-29,1013.0781406440752,1015.9698955650384,1004.402875881186,1011.6322631835938,2557300
2025-05-30,1009.7043391430016,1024.6450716076474,999.1012386842208,1017.8976440429688,2315200
2025-06-02,1014.5239897187372,1026.0910090789507,1011.1502757386748,1023.6812133789062,1911200
2025-06-03,1020.3075561523438,1026.091066154152,1009.2224953155444,1020.3075561523438,1665500
2025-06-04,1010.6683376723292,1022.7173164237876,1010.1863785222708,1019.8255615234376,2116100
2025-06-05,1010.1863573139416,1015.48790785328,1002.9569702148438,1002.9569702148438,2176000
2025-06-06,1003.4389407361896,1003.920899881596,990.426043810216,998.1373901367188,2470600
2025-06-09,997.6554352188476,1005.3667815780271,994.2817211867068,1001.5111083984376,1590300
2025-06-10,1006.81261209763,1008.2584894725908,999.5832252228266,1005.8486938476562,2007500
2025-06-11,1013.0780683927144,1022.7172507751378,1008.7404363206238,1016.4517822265624,3654100
2025-06-12,1010.1863059026944,1011.1502241335176,994.281655094112,1003.9208374023438,2922300
2025-06-13,997.173476071399,1005.848740725476,995.245639481604,1001.5111083984376,2179500
2025-06-16,1003.43888941101,1009.7043579808192,996.2095025996912,999.1012573242188,1471500
2025-06-17,996.6915473090278,1022.2353829025376,996.6915473090278,1019.3436279296876,1864700
2025-06-18,1024.6451104541657,1038.6219252251774,1024.163151324131,1027.536865234375,1834400
2025-06-19,1031.8745570965666,1037.6580669915495,1028.50084299116,1033.3204345703125,1737300
2025-06-20,1026.572929353315,1026.572929353315,1012.5961148222136,1014.0419921875,2470800
2025-06-23,1013.0781463943672,1016.9338196442028,1003.9209224260068,1009.2224731445312,1627500
2025-06-24,1018.379632318336,1019.8255096950302,999.5832264213104,1000.065185546875,1615200
2025-06-25,994.2816772460938,998.619309381438,987.534249480003,994.2816772460938,2518900
2025-06-26,990.907993086183,998.1373801952748,988.0162382425464,997.1734619140624,2568200
2025-06-27,1001.0290949644248,1006.3306452988536,989.4620760529438,993.3177490234376,2326200
2025-06-30,1002.9569730040048,1003.9208912865652,988.4981987656004,991.3899536132812,2698900
2025-07-01,988.4981858528902,993.3177772027336,977.4131257482502,981.268798828125,2177600
2025-07-02,985.1245086492838,1000.0652423910292,983.6786311904052,996.6915283203124,2215600
2025-07-03,994.7636648358662,1003.4389293547836,993.3177874160466,1002.9569702148438,2164900
2025-07-04,1001.5110898688508,1005.848722115636,993.7997436523438,993.7997436523438,1651800
2025-07-07,997.6553899190512,1006.8126133047816,997.6553899190512,1000.065185546875,1526600
2025-07-08,997.6554224499232,1001.5110955801644,991.3899536132812,991.3899536132812,1787900
2025-07-09,992.8358464566196,1013.0781307047642,992.8358464566196,1010.6683349609376,2249500
2025-07-10,1012.114181192047,1021.2714047361656,1006.8126307191365,1013.56005859375,2327100
2025-07-11,1020.7894198921696,1023.6811746227424,1013.0780739439756,1014.0419921875,1667400
2025-07-14,1014.042030578728,1027.0549273589686,1012.5961531587014,1023.6812133789062,1637700
2025-07-15,1026.572996941903,1026.572996941903,1009.2224674161243,1011.6322631835938,1592900
2025-07-16,1009.222456246124,1010.1863745424432,995.7276000976562,995.7276000976562,1854100
2025-07-17,995.7275887491156,1002.4750167464476,989.4621198944504,1000.5471801757812,1678700
2025-07-18,997.1734529954064,1000.0652078131794,965.3641499999028,969.7017822265624,3323200
2025-07-22,983.1966266575482,984.6425040496916,970.1837301282573,974.5213623046876,3833700
2025-07-23,992.3538818359376,1001.0291464658776,987.5342903748596,992.3538818359376,4307100
2025-07-24,1002.4750224453768,1009.7044096264732,994.2817169734674,998.1373901367188,3472800
2025-07-25,1003.4389094213597,1009.7043781161136,995.245604205143,1001.0291137695312,2070200
2025-07-28,1007.2946081731131,1012.1141995997788,1000.5471801757812,1000.5471801757812,2250200
2025-07-29,1001.0291106554928,1002.4749880420918,988.9801324338328,991.8718872070312,2069500
2025-07-30,1013.0781248861816,1037.6580413320405,1012.1142065941872,1033.8023681640625,4153900
2025-07-31,1038.139954810049,1041.5136686836192,1025.6090175653594,1032.3564453125,2606100
2025-08-01,1042.4776242969808,1069.9492953949596,1041.0317468707713,1068.50341796875,3745000
2025-08-04,1058.8642239375772,1074.7688754578048,1057.4183465266474,1073.322998046875,3608200
2025-08-05,1079.5885381617315,1086.3359665252424,1071.3952322917542,1074.2869873046875,2284300
2025-08-06,1080.552435873257,1101.276679737017,1076.6967625962784,1093.0833740234375,3343900
2025-08-07,1108.0240447998046,1122.9647778962787,1095.011148231908,1098.8668212890625,4303600
2025-08-08,1105.1322849444098,1122.0008544921875,1101.7585710348542,1122.0008544921875,3131000
2025-08-12,1137.4236607379614,1149.4726401949313,1129.2303547072215,1135.977783203125,3463900
2025-08-13,1135.4956364278592,1143.68894110497,1131.6399636386304,1132.6038818359375,2235300
2025-08-14,1123.9286910119336,1128.7482823112985,1120.0730179724414,1122.0008544921875,2005100
2025-08-15,1128.7482289951945,1135.4956564955926,1124.892556137824,1134.53173828125,1563200
2025-08-18,1139.3513670647137,1152.8462225121805,1135.0137349565991,1149.9544677734375,2146000
2025-08-19,1154.774160760309,1180.317996536727,1154.2922015947163,1168.7509765625,3289500
2025-08-20,1172.1246593480048,1179.8360057910838,1166.3411495156956,1171.6427001953125,2032200
2025-08-21,1161.5215553296343,1164.8952693907577,1150.436494843086,1162.4854736328125,2569000
2025-08-22,1161.0395340116895,1169.232839150004,1154.292106250725,1168.2689208984375,1657800
2025-08-25,1168.268886419017,1170.678681976812,1156.219908630042,1162.00341796875,1572800
2025-08-26,1160.5575684821615,1163.9312823440284,1148.0266312809422,1149.9544677734375,2094700
2025-08-27,1149.472497548404,1158.147761680845,1147.5446610745284,1154.7740478515625,2150500
2025-08-28,1152.846164133611,1168.268855292589,1151.4002868374566,1164.8951416015625,1786100
2025-08-29,1158.147830073199,1164.8952581302217,1146.580810546875,1146.580810546875,2446600
2025-09-01,1146.5808020303416,1164.4132903343025,1142.243169740189,1160.5576171875,2492800
2025-09-02,1159.5935897733382,1180.79979008507,1156.7018351853749,1176.462158203125,2097300
2025-09-03,1175.9803069265265,1188.9932037654676,1171.1607155046966,1172.1246337890625,3070800
2025-09-04,1172.6065108502498,1177.9080610431608,1162.485369572874,1175.980224609375,2978000
2025-09-05,1180.3179221767089,1192.8488596926722,1174.052453418727,1179.35400390625,2364200
2025-09-08,1192.3669206486193,1217.4287961028344,1189.4751657885174,1202.006103515625,2707400
2025-09-09,1204.8978271484375,1216.9468054199217,1201.0421541015623,1204.8978271484375,2335500
2025-09-10,1223.6942936599637,1230.9236809797349,1209.2355190204207,1210.681396484375,2836500
2025-09-11,1200.0782444482772,1211.645263671875,1196.2225713737446,1211.645263671875,1864500
2025-09-12,1222.248353308241,1228.0318628664818,1215.0189663604397,1216.46484375,2803800
2025-09-16,1211.6452549804687,1217.4287645507811,1201.0421541015623,1204.8978271484375,3169700
2025-09-17,1206.3436297516323,1207.789507054571,1186.1013475104944,1194.776611328125,2457600
2025-09-18,1195.7406403115112,1202.9700274959823,1190.9210488551971,1199.5963134765625,2062000
2025-09-19,1204.8977983276466,1212.1271851176125,1190.4390247477147,1196.2225341796875,3781600
2025-09-22,1202.9699818986323,1207.3076140449014,1195.2586358608205,1198.150390625,2325800
2025-09-24,1201.524141512784,1203.4519780815972,1187.547326388889,1192.848876953125,3271300
2025-09-25,1201.042125372998,1202.4880027309912,1191.402942986377,1196.2225341796875,2485600
2025-09-26,1204.8977829339938,1228.0318203663264,1202.4879873681257,1224.1761474609375,3328400
2025-09-29,1220.2525208015752,1221.2334311880718,1206.519775390625,1206.519775390625,2238400
2025-09-30,1206.029331154337,1209.9529727359693,1196.710682397959,1201.615234375,2066400
2025-10-01,1185.920741055077,1192.7871142456358,1163.8502557997097,1180.0352783203125,2336900
2025-10-02,1170.2260960944104,1177.5829240245932,1156.9838058200812,1160.4169921875,2425300
2025-10-03,1154.5315475592524,1168.754748442523,1154.5315475592524,1163.3597412109375,2337900
2025-10-06,1207.9912342220157,1215.3480626886542,1197.691674368722,1208.481689453125,3094100
2025-10-07,1211.9147839990176,1235.4566333037333,1208.972052835928,1216.8193359375,3457600
2025-10-08,1232.0234885261757,1238.3994062613829,1220.2525634765625,1220.2525634765625,2197900
2025-10-09,1211.9148823891917,1219.2717108941847,1208.481695753528,1216.3289794921875,1761500
2025-10-10,1207.9911797781087,1216.3289183311856,1189.3538818359375,1189.3538818359375,3385700
2025-10-14,1171.697446799298,1186.411102472793,1163.850163773434,1178.0733642578125,3387300
2025-10-15,1182.9779984429972,1188.863461121818,1174.640259648001,1184.9398193359375,2658200
2025-10-16,1197.6915873416815,1207.5006912511135,1194.7488561688515,1204.0675048828125,1575400
2025-10-17,1191.8061181100093,1205.5388635038694,1189.8442973394576,1196.22021484375,1824000
2025-10-20,1203.5770674871749,1208.481619514425,1197.6916050544748,1207.01025390625,1686400
2025-10-21,1208.4816428462632,1213.386194968204,1205.0484563609043,1207.500732421875,1545900
2025-10-22,1207.5006818456795,1221.233427211918,1204.5579506957713,1219.2716064453125,1396500
2025-10-23,1219.2717010353415,1244.7753729797653,1216.3289696571387,1241.8326416015625,2375300
2025-10-24,1230.0616345515414,1245.756200861609,1229.0807241571622,1234.9661865234375,2856700
2025-10-27,1235.9471781193995,1244.775372248824,1231.042625825275,1231.5330810546875,2487100
2025-10-28,1231.5330209312392,1233.0043865476446,1214.8575439453125,1214.8575439453125,2057600
2025-10-29,1211.4244136802445,1216.3289659623506,1187.3921074979237,1190.3348388671875,2732100
2025-10-30,1181.9970451789272,1214.8575439453125,1179.5447691515851,1214.8575439453125,7214500
2025-10-31,1223.195305898942,1230.0616789071958,1211.9148359568103,1215.3480224609375,2416800
2025-11-04,1218.2907947686117,1230.0617203219315,1211.424421529175,1218.78125,2078000
2025-11-05,1233.9853160724092,1234.9662264985398,1208.4816449930113,1228.099853515625,3354300
2025-11-06,1228.0998832463556,1241.3421743196989,1226.6285175715398,1236.4376220703125,2278900
2025-11-07,1227.609428021417,1243.7944504443922,1227.609428021417,1236.4376220703125,1947600
2025-11-10,1285.9736109929474,1321.776842725398,1285.9736109929474,1306.082275390625,4396500
2025-11-11,1306.572668633551,1326.6813320772358,1304.1203926038336,1322.7576904296875,2930300
2025-11-12,1330.114501953125,1337.4713299506534,1322.2672187557614,1330.114501953125,2982800
2025-11-13,1334.0381724866138,1351.6945600636425,1318.8340609619502,1328.1527099609375,1895500
2025-11-14,1335.5095634169252,1349.2423095703125,1321.7768172635376,1349.2423095703125,1923200
2025-11-17,1340.4141387495883,1352.185064227082,1332.076399869697,1349.7327880859375,2246400
2025-11-18,1337.9618603134295,1346.7900544064069,1313.9295541714364,1318.8341064453125,2213700
2025-11-19,1343.3568103108184,1351.694548819502,1323.7386020550928,1333.0572509765625,3531200
2025-11-20,1351.694532107574,1366.4081881174534,1335.9999656970365,1340.4140625,2250300
2025-11-21,1340.9045509096993,1385.5359752450258,1338.452274847319,1379.6505126953125,3592600
2025-11-25,1383.083700262163,1389.9500732421875,1371.8032303664074,1389.9500732421875,2464600
2025-11-26,1397.797342338021,1434.5814829258636,1389.9500590126145,1417.906005859375,3144700
2025-11-27,1424.2819014889642,1430.6578190920484,1417.90598388588,1427.715087890625,1960800
2025-11-28,1422.320161509448,1433.6006317559024,1413.4919674035275,1424.281982421875,1984000
2025-12-01,1423.3009600253454,1423.3009600253454,1361.5036061441622,1375.726806640625,2952600
2025-12-02,1376.217361466399,1388.4787420924365,1362.9750703902794,1385.5360107421875,1928800
2025-12-03,1383.0836429904666,1397.306843574411,1378.1790910649686,1393.8736572265625,2131400
2025-12-04,1402.7018413284784,1418.3964073853006,1399.7591101928242,1409.0777587890625,3363300
2025-12-05,1400.7400924813037,1402.7019133391204,1374.2555109007749,1377.1982421875,1755700
2025-12-08,1387.0073396983762,1429.186487935314,1381.6123323657446,1423.301025390625,2206600
2025-12-09,1427.2246942600282,1430.1674255883995,1384.555089998646,1400.7401123046875,2491800
2025-12-10,1413.4918857455666,1424.772355340344,1398.778229752379,1417.41552734375,1762400
2025-12-11,1421.3391424566978,1421.3391424566978,1391.4213758280373,1396.325927734375,1527900
2025-12-12,1411.0396561365403,1438.5051482267893,1396.3259996596214,1418.396484375,2481700
2025-12-15,1412.511000894988,1443.4096790395658,1408.0969040171913,1438.505126953125,1573600
2025-12-16,1429.1864341280827,1433.1100756768217,1412.510957545943,1414.4727783203125,1885600
2025-12-17,1418.3964642874805,1418.3964642874805,1392.892793422007,1394.8546142578125,1570700
2025-12-18,1405.6446355646308,1411.530098100142,1395.8355313387783,1402.701904296875,1595200
2025-12-19,1387.9882315726902,1418.3964543138586,1383.5741347231658,1410.0587158203125,3111800
2025-12-22,1421.3392146478252,1422.320125078914,1403.682826888225,1408.096923828125,1406800
2025-12-23,1405.154129642058,1419.8677854498285,1399.7591225125425,1414.4727783203125,1063300
2025-12-24,1413.9823519388835,1419.8678143819172,1404.6637030707466,1412.510986328125,1316300
2025-12-25,1422.3201550935444,1423.3010655453331,1408.587408768503,1416.4346923828125,635000
2025-12-26,1411.039626231318,1424.772371985394,1400.7400669157607,1410.0587158203125,1002600
2025-12-29,1417.4155729234697,1421.3392146478252,1405.6446477504028,1408.096923828125,1348600
2025-12-30,1408.5873199954076,1415.4536927251904,1400.7400368756562,1401.720947265625,1091300
2026-01-05,1419.3773398307428,1425.7532573904523,1399.2686767578125,1399.2686767578125,1992300
2026-01-06,1426.24369508499,1444.880992338508,1415.453680885585,1439.9764404296875,2105300
2026-01-07,1413.4919211494766,1425.2628462388548,1405.1541825445006,1423.301025390625,1678700
2026-01-08,1436.052804343654,1450.7664601258637,1431.148252416251,1437.524169921875,2281700
2026-01-09,1430.6578667867566,1442.919247201453,1418.3964863720605,1438.99560546875,2380600
2026-01-13,1461.5565007407952,1468.9133287646582,1443.900113483524,1458.61376953125,2853300
2026-01-14,1486.0793320076314,1488.0411529079715,1455.1806528272748,1460.085205078125,2231700
2026-01-15,1469.403826322816,1482.155661931759,1459.1042667925158,1472.3465576171875,1419400
2026-01-16,1452.728313861962,1467.9324251819214,1450.766493046483,1466.4610595703125,1976900
2026-01-19,1463.027924304224,1474.308394387696,1451.747454220752,1454.690185546875,1535400
2026-01-20,1449.78564453125,1454.690196779326,1440.4669952599058,1449.78564453125,1153500
2026-01-21,1422.3200861700468,1442.4287494572786,1414.9632581381327,1425.2628173828125,2514500
2026-01-22,1434.5814565594276,1452.237843717082,1425.7532629806003,1440.4669189453125,2084200
2026-01-23,1448.3142885991035,1457.632937933131,1424.281982421875,1424.281982421875,1639800
2026-01-26,1402.7019109182131,1419.3773881808772,1393.8737170732734,1410.5491943359375,1935800
2026-01-27,1407.6064918964353,1420.358327711525,1391.4214695157443,1408.58740234375,2017800
2026-01-28,1383.0836770663277,1392.8927811589967,1374.2554833829256,1389.4595947265625,2420900
2026-01-29,1373.2746125620788,1386.0264482501552,1346.2995755296092,1382.59326171875,2391000
2026-01-30,1397.7973111671104,1403.6827735299191,1387.007296835294,1399.2686767578125,1912900
2026-02-02,1428.69602367546,1429.1864788844114,1391.911883004104,1394.8546142578125,1369900
2026-02-03,1398.7782539116158,1430.1673872392255,1396.81643307864,1428.20556640625,1734200
2026-02-04,1430.1674015862145,1457.632893523398,1422.8105733887544,1454.19970703125,1546000
2026-02-05,1480.6843367120828,1485.0984337741593,1461.0661275472987,1465.480224609375,1827700
2026-02-06,1469.4037525826443,1483.626953125,1461.556469524793,1483.626953125,1837700
2026-02-09,1466.4611350676144,1507.1689190845414,1459.5947618599398,1465.480224609375,4561900
2026-02-10,1495.888345703125,1533.6533957421875,1481.6651450390625,1532.6724853515625,3241500
2026-02-12,1526.7870771212763,1567.494859775008,1521.3920697816254,1551.80029296875,2450500
2026-02-13,1545.914844129739,1551.8003067342938,1509.6211580683175,1513.5447998046875,2677500
2026-02-16,1521.3921123408095,1530.7107616427036,1498.8311719256976,1511.5830078125,1706100
2026-02-17,1509.6210782541325,1510.111533445248,1483.626953125,1483.626953125,1127700
2026-02-18,1504.2261506808088,1522.3729937115197,1498.8311432933003,1513.5447998046875,1150500
2026-02-19,1500.7929770498415,1529.2393798828125,1488.0411412971305,1529.2393798828125,1556600
2026-02-20,1507.1689059970615,1530.7107567903772,1499.8120776241503,1524.3348388671875,1892600
2026-02-24,1525.315693532388,1534.143887257013,1489.5124634269655,1494.907470703125,1891300
2026-02-25,1492.9456880528537,1542.4816652188651,1492.9456880528537,1531.691650390625,2015500
2026-02-26,1549.8384101600193,1553.2715965116397,1513.054270678373,1524.8251953125,2284600
2026-02-27,1530.2202162428366,1545.424327365762,1521.3920226875894,1540.519775390625,2085800
2026-03-02,1487.5505991723253,1517.4683659212576,1487.06014397972,1514.525634765625,2064000
2026-03-03,1490.9838241185898,1500.302473019331,1453.709228515625,1453.709228515625,2351500
2026-03-04,1410.5491282627547,1419.8677768847965,1377.1981752996576,1396.325927734375,2443700
2026-03-05,1458.1233568626817,1463.518364237552,1414.4728426478216,1418.396484375,2967000
2026-03-06,1400.7400966026971,1419.867850022692,1386.5168953416753,1418.396484375,2285900
2026-03-09,1355.61824597001,1362.484619140625,1331.0954846463846,1362.484619140625,3156400
2026-03-10,1391.911865234375,1405.1541557070063,1376.2172987482932,1391.911865234375,2701900
2026-03-11,1420.3582682974816,1421.8296339069057,1393.3832321247048,1402.21142578125,1694700
2026-03-12,1372.784112679824,1380.6313959248675,1335.5095172658666,1348.2613525390625,2442700
2026-03-13,1331.5859263008888,1356.5991425960435,1329.133650193521,1336.490478515625,2768500
2026-03-16,1336.4904331396342,1346.2995372360715,1333.057246705881,1345.80908203125,1804500
2026-03-17,1365.917730098148,1380.631386077661,1359.0513573077085,1363.4654541015625,1980800
2026-03-18,1392.892775639755,1393.8736860451352,1378.179119559053,1391.911865234375,1955700
2026-03-19,1362.4845368182434,1369.3509095739869,1350.223156897273,1355.6181640625,1914000
2026-03-23,1314.4199606421314,1316.3817814789106,1289.8972001823902,1297.2540283203125,3009000
2026-03-24,1321.7768043330068,1335.5095503520508,1310.9867896037576,1333.5477294921875,2871000
2026-03-25,1364.446368669719,1365.4272790713508,1349.7327126452433,1350.713623046875,2272000
2026-03-26,1359.5418056372105,1361.503626424566,1345.8090601257236,1355.6181640625,2294600
2026-03-27,1343.8472834067547,1349.732745961821,1332.0763582966226,1336.0,3929400
2026-03-30,1283.5,1323.0,1282.0,1312.0,2890900
2026-03-31,1311.0,1333.5,1303.5,1325.0,2940300
2026-04-01,1365.5,1366.0,1349.0,1364.0,2983500
2026-04-02,1385.5,1396.5,1349.5,1355.5,2161800
2026-04-03,1362.0,1375.0,1357.5,1362.0,1259600
2026-04-06,1362.5,1370.5,1350.0,1350.0,975000
2026-04-07,1363.0,1369.5,1353.0,1363.5,1154400
2026-04-08,1412.0,1412.0,1384.0,1405.5,3083300
2026-04-09,1418.0,1419.0,1390.5,1394.0,2200000
2026-04-10,1396.0,1399.5,1383.0,1383.0,1917700
2026-04-13,1364.5,1382.0,1364.5,1371.5,1518900
2026-04-14,1388.0,1400.0,1380.5,1400.0,2422200
2026-04-15,1401.5,1417.5,1401.0,1414.5,2077200
2026-04-16,1417.5,1423.5,1412.5,1415.5,2198800
2026-04-17,1415.5,1421.5,1387.5,1387.5,1906100
2026-04-20,1402.0,1405.0,1377.0,1379.0,1671100
2026-04-21,1382.0,1386.0,1374.5,1382.0,1620700
2026-04-22,1370.0,1372.0,1339.0,1342.0,2461700
2026-04-23,1341.0,1362.5,1333.5,1356.5,2792800
2026-04-24,1348.0,1355.0,1331.5,1331.5,1796900
2026-04-27,1321.5,1348.0,1320.0,1332.0,1915400
2026-04-28,1340.0,1351.0,1333.0,1343.5,2689700
2026-04-30,1343.5,1345.5,1329.5,1337.5,3106400
2026-05-01,1332.5,1340.0,1321.5,1334.5,1825400
2026-05-07,1333.5,1345.0,1320.0,1320.0,5409400
2026-05-08,1320.0,1338.0,1297.0,1318.5,3322100
2026-05-11,1321.5,1338.0,1321.5,1326.0,3847200
2026-05-12,1383.0,1413.5,1372.5,1389.0,6066800
2026-05-13,1378.0,1399.5,1370.0,1398.5,3695000
2026-05-14,1375.5,1385.5,1328.0,1344.0,3852800
2026-05-15,1329.0,1344.0,1305.5,1314.0,4134900
2026-05-18,1317.0,1328.5,1284.0,1301.0,3517100
2026-05-19,1306.0,1327.5,1304.5,1319.0,4470500
2026-05-20,1315.0,1315.5,1288.0,1308.0,4116000
2026-05-21,1337.5,1337.5,1313.0,1317.5,2941300
2026-05-22,1302.5,1305.5,1255.5,1263.5,4797900
2026-05-25,1273.5,1292.0,1271.0,1292.0,5249900
2026-05-26,1329.5,1335.5,1303.0,1307.5,5003600
2026-05-27,1302.5,1308.0,1276.5,1279.5,3770400
2026-05-28,1286.5,1290.0,1268.5,1284.0,3821500
2026-05-29,1291.5,1328.0,1284.5,1319.0,5942500
2026-06-01,1318.5,1318.5,1301.0,1301.0,3179700
2026-06-02,1271.0,1286.0,1232.0,1281.0,5071100
2026-06-03,1277.0,1283.0,1267.5,1281.5,3101200
2026-06-04,1279.0,1285.5,1270.5,1271.0,3537500
2026-06-05,1292.0,1303.5,1281.5,1288.0,2370400
2026-06-08,1294.0,1299.5,1269.0,1287.0,2696200
2026-06-09,1312.5,1325.0,1302.0,1315.0,4184600
2026-06-10,1345.0,1356.0,1326.0,1349.5,4919800
2026-06-11,1340.5,1353.0,1317.5,1321.0,4243400
2026-06-12,1333.0,1340.5,1319.0,1324.5,3258300
2026-06-15,1342.5,1364.0,1337.0,1349.0,2832700
2026-06-16,1334.5,1347.0,1316.5,1320.0,2508200
2026-06-17,1349.0,1355.5,1311.5,1311.5,2849700
2026-06-18,1291.5,1303.0,1273.0,1292.5,3414000
2026-06-19,1278.5,1296.0,1274.0,1296.0,3507400
2026-06-22,1278.5,1290.5,1272.5,1284.5,2153600
2026-06-23,1275.0,1283.0,1268.0,1268.0,2754000
2026-06-24,1275.5,1280.5,1255.5,1259.5,2954300
2026-06-25,1289.5,1289.5,1262.0,1269.5,3101700
2026-06-26,1258.0,1272.0,1249.5,1268.0,2028000
